date,case,case_origin,code
2020-01-23,1,Trong nước,local_case
2020-01-24,0,Trong nước,local_case
2020-01-25,0,Trong nước,local_case
2020-01-26,1,Trong nước,local_case
2020-01-27,0,Trong nước,local_case
2020-01-28,0,Trong nước,local_case
2020-01-29,0,Trong nước,local_case
2020-01-30,1,Trong nước,local_case
2020-01-31,0,Trong nước,local_case
2020-02-01,0,Trong nước,local_case
2020-02-02,0,Trong nước,local_case
2020-02-03,0,Trong nước,local_case
2020-02-04,1,Trong nước,local_case
2020-02-05,0,Trong nước,local_case
2020-02-06,0,Trong nước,local_case
2020-02-07,1,Trong nước,local_case
2020-02-08,1,Trong nước,local_case
2020-02-09,0,Trong nước,local_case
2020-02-10,0,Trong nước,local_case
2020-02-11,0,Trong nước,local_case
2020-02-12,1,Trong nước,local_case
2020-02-13,0,Trong nước,local_case
2020-02-14,0,Trong nước,local_case
2020-02-15,0,Trong nước,local_case
2020-02-16,0,Trong nước,local_case
2020-02-17,0,Trong nước,local_case
2020-02-18,0,Trong nước,local_case
2020-02-19,0,Trong nước,local_case
2020-03-06,0,Trong nước,local_case
2020-03-07,2,Trong nước,local_case
2020-03-08,0,Trong nước,local_case
2020-03-09,0,Trong nước,local_case
2020-03-10,0,Trong nước,local_case
2020-03-11,10,Trong nước,local_case
2020-03-12,1,Trong nước,local_case
2020-03-13,2,Trong nước,local_case
2020-03-14,0,Trong nước,local_case
2020-03-15,0,Trong nước,local_case
2020-03-16,0,Trong nước,local_case
2020-03-17,1,Trong nước,local_case
2020-03-18,0,Trong nước,local_case
2020-03-19,2,Trong nước,local_case
2020-03-20,0,Trong nước,local_case
2020-03-21,1,Trong nước,local_case
2020-03-22,5,Trong nước,local_case
2020-03-23,3,Trong nước,local_case
2020-03-24,12,Trong nước,local_case
2020-03-25,1,Trong nước,local_case
2020-03-26,20,Trong nước,local_case
2020-03-27,3,Trong nước,local_case
2020-03-28,7,Trong nước,local_case
2020-03-29,15,Trong nước,local_case
2020-03-30,10,Trong nước,local_case
2020-03-31,9,Trong nước,local_case
2020-04-01,12,Trong nước,local_case
2020-04-02,10,Trong nước,local_case
2020-04-03,3,Trong nước,local_case
2020-04-04,2,Trong nước,local_case
2020-04-05,0,Trong nước,local_case
2020-04-06,1,Trong nước,local_case
2020-04-07,1,Trong nước,local_case
2020-04-08,2,Trong nước,local_case
2020-04-09,1,Trong nước,local_case
2020-04-10,2,Trong nước,local_case
2020-04-11,1,Trong nước,local_case
2020-04-12,2,Trong nước,local_case
2020-04-13,5,Trong nước,local_case
2020-04-14,1,Trong nước,local_case
2020-04-15,1,Trong nước,local_case
2020-04-16,1,Trong nước,local_case
2020-04-17,0,Trong nước,local_case
2020-04-18,0,Trong nước,local_case
2020-04-19,0,Trong nước,local_case
2020-04-20,0,Trong nước,local_case
2020-04-21,0,Trong nước,local_case
2020-04-22,0,Trong nước,local_case
2020-04-23,0,Trong nước,local_case
2020-04-24,0,Trong nước,local_case
2020-04-25,0,Trong nước,local_case
2020-04-26,0,Trong nước,local_case
2020-04-27,0,Trong nước,local_case
2020-04-28,0,Trong nước,local_case
2020-04-29,0,Trong nước,local_case
2020-04-30,0,Trong nước,local_case
2020-05-01,0,Trong nước,local_case
2020-05-03,0,Trong nước,local_case
2020-05-04,0,Trong nước,local_case
2020-05-05,0,Trong nước,local_case
2020-05-06,0,Trong nước,local_case
2020-05-07,0,Trong nước,local_case
2020-05-08,0,Trong nước,local_case
2020-05-09,0,Trong nước,local_case
2020-05-10,0,Trong nước,local_case
2020-05-11,0,Trong nước,local_case
2020-05-12,0,Trong nước,local_case
2020-05-13,0,Trong nước,local_case
2020-05-14,0,Trong nước,local_case
2020-05-15,0,Trong nước,local_case
2020-05-16,0,Trong nước,local_case
2020-05-17,0,Trong nước,local_case
2020-05-18,0,Trong nước,local_case
2020-05-19,0,Trong nước,local_case
2020-05-20,0,Trong nước,local_case
2020-05-21,0,Trong nước,local_case
2020-05-22,0,Trong nước,local_case
2020-05-23,0,Trong nước,local_case
2020-05-24,1,Trong nước,local_case
2020-05-25,1,Trong nước,local_case
2020-05-26,1,Trong nước,local_case
2020-05-27,0,Trong nước,local_case
2020-05-28,0,Trong nước,local_case
2020-05-29,0,Trong nước,local_case
2020-05-30,1,Trong nước,local_case
2020-05-31,0,Trong nước,local_case
2020-06-01,0,Trong nước,local_case
2020-06-02,0,Trong nước,local_case
2020-06-03,0,Trong nước,local_case
2020-06-04,0,Trong nước,local_case
2020-06-05,0,Trong nước,local_case
2020-06-06,1,Trong nước,local_case
2020-06-07,0,Trong nước,local_case
2020-06-08,3,Trong nước,local_case
2020-06-09,0,Trong nước,local_case
2020-06-10,0,Trong nước,local_case
2020-06-11,0,Trong nước,local_case
2020-06-12,1,Trong nước,local_case
2020-06-13,1,Trong nước,local_case
2020-06-14,0,Trong nước,local_case
2020-06-15,0,Trong nước,local_case
2020-06-16,0,Trong nước,local_case
2020-06-17,0,Trong nước,local_case
2020-06-18,0,Trong nước,local_case
2020-06-19,7,Trong nước,local_case
2020-06-20,0,Trong nước,local_case
2020-06-21,0,Trong nước,local_case
2020-06-22,0,Trong nước,local_case
2020-06-23,0,Trong nước,local_case
2020-06-24,2,Trong nước,local_case
2020-06-25,0,Trong nước,local_case
2020-06-26,1,Trong nước,local_case
2020-06-27,2,Trong nước,local_case
2020-06-28,0,Trong nước,local_case
2020-06-29,0,Trong nước,local_case
2020-06-30,0,Trong nước,local_case
2020-07-01,0,Trong nước,local_case
2020-07-02,0,Trong nước,local_case
2020-07-03,0,Trong nước,local_case
2020-07-04,0,Trong nước,local_case
2020-07-06,14,Trong nước,local_case
2020-07-07,0,Trong nước,local_case
2020-07-08,0,Trong nước,local_case
2020-07-09,0,Trong nước,local_case
2020-07-10,0,Trong nước,local_case
2020-07-11,1,Trong nước,local_case
2020-07-12,0,Trong nước,local_case
2020-07-13,0,Trong nước,local_case
2020-07-14,1,Trong nước,local_case
2020-07-15,0,Trong nước,local_case
2020-07-16,0,Trong nước,local_case
2020-07-17,0,Trong nước,local_case
2020-07-18,0,Trong nước,local_case
2020-07-19,1,Trong nước,local_case
2020-07-20,0,Trong nước,local_case
2020-07-21,12,Trong nước,local_case
2020-07-22,5,Trong nước,local_case
2020-07-23,4,Trong nước,local_case
2020-07-24,1,Trong nước,local_case
2020-07-25,3,Trong nước,local_case
2020-07-26,3,Trong nước,local_case
2020-07-27,2,Trong nước,local_case
2020-07-28,16,Trong nước,local_case
2020-07-29,12,Trong nước,local_case
2020-07-30,14,Trong nước,local_case
2020-07-31,56,Trong nước,local_case
2020-08-01,43,Trong nước,local_case
2020-08-02,32,Trong nước,local_case
2020-08-03,29,Trong nước,local_case
2020-08-04,38,Trong nước,local_case
2020-08-05,42,Trong nước,local_case
2020-08-06,31,Trong nước,local_case
2020-08-07,33,Trong nước,local_case
2020-08-08,21,Trong nước,local_case
2020-08-09,39,Trong nước,local_case
2020-08-10,5,Trong nước,local_case
2020-08-11,13,Trong nước,local_case
2020-08-12,20,Trong nước,local_case
2020-08-13,24,Trong nước,local_case
2020-08-14,24,Trong nước,local_case
2020-08-15,16,Trong nước,local_case
2020-08-16,9,Trong nước,local_case
2020-08-17,13,Trong nước,local_case
2020-08-18,10,Trong nước,local_case
2020-08-19,4,Trong nước,local_case
2020-08-20,13,Trong nước,local_case
2020-08-21,2,Trong nước,local_case
2020-08-22,5,Trong nước,local_case
2020-08-23,2,Trong nước,local_case
2020-08-24,6,Trong nước,local_case
2020-08-25,7,Trong nước,local_case
2020-08-26,0,Trong nước,local_case
2020-08-27,2,Trong nước,local_case
2020-08-28,1,Trong nước,local_case
2020-08-29,1,Trong nước,local_case
2020-08-30,0,Trong nước,local_case
2020-08-31,0,Trong nước,local_case
2020-09-01,0,Trong nước,local_case
2020-09-02,1,Trong nước,local_case
2020-09-03,0,Trong nước,local_case
2020-09-04,0,Trong nước,local_case
2020-09-05,0,Trong nước,local_case
2020-09-06,0,Trong nước,local_case
2020-09-07,0,Trong nước,local_case
2020-09-08,0,Trong nước,local_case
2020-09-09,0,Trong nước,local_case
2020-09-10,0,Trong nước,local_case
2020-09-11,0,Trong nước,local_case
2020-09-12,0,Trong nước,local_case
2020-09-13,0,Trong nước,local_case
2020-09-14,0,Trong nước,local_case
2020-09-15,0,Trong nước,local_case
2020-09-16,0,Trong nước,local_case
2020-09-17,0,Trong nước,local_case
2020-09-18,0,Trong nước,local_case
2020-09-19,0,Trong nước,local_case
2020-09-20,0,Trong nước,local_case
2020-09-21,0,Trong nước,local_case
2020-09-22,0,Trong nước,local_case
2020-09-23,0,Trong nước,local_case
2020-09-24,0,Trong nước,local_case
2020-09-25,0,Trong nước,local_case
2020-09-26,0,Trong nước,local_case
2020-09-27,0,Trong nước,local_case
2020-09-28,2,Trong nước,local_case
2020-09-29,0,Trong nước,local_case
2020-09-30,0,Trong nước,local_case
2020-10-01,0,Trong nước,local_case
2020-10-02,0,Trong nước,local_case
2020-10-03,0,Trong nước,local_case
2020-10-04,0,Trong nước,local_case
2020-10-05,0,Trong nước,local_case
2020-10-06,0,Trong nước,local_case
2020-10-07,0,Trong nước,local_case
2020-10-08,0,Trong nước,local_case
2020-10-09,0,Trong nước,local_case
2020-10-10,0,Trong nước,local_case
2020-10-11,0,Trong nước,local_case
2020-10-12,0,Trong nước,local_case
2020-10-13,0,Trong nước,local_case
2020-10-14,0,Trong nước,local_case
2020-10-15,0,Trong nước,local_case
2020-10-16,0,Trong nước,local_case
2020-10-17,0,Trong nước,local_case
2020-10-18,0,Trong nước,local_case
2020-10-19,0,Trong nước,local_case
2020-10-20,0,Trong nước,local_case
2020-10-21,0,Trong nước,local_case
2020-10-22,0,Trong nước,local_case
2020-10-23,0,Trong nước,local_case
2020-10-24,0,Trong nước,local_case
2020-10-25,0,Trong nước,local_case
2020-10-26,0,Trong nước,local_case
2020-10-27,0,Trong nước,local_case
2020-10-28,0,Trong nước,local_case
2020-10-29,0,Trong nước,local_case
2020-10-30,0,Trong nước,local_case
2020-10-31,0,Trong nước,local_case
2020-11-01,0,Trong nước,local_case
2020-11-02,0,Trong nước,local_case
2020-11-03,0,Trong nước,local_case
2020-11-04,0,Trong nước,local_case
2020-11-05,0,Trong nước,local_case
2020-11-06,0,Trong nước,local_case
2020-11-07,0,Trong nước,local_case
2020-11-08,0,Trong nước,local_case
2020-11-09,0,Trong nước,local_case
2020-11-10,0,Trong nước,local_case
2020-11-11,0,Trong nước,local_case
2020-11-12,0,Trong nước,local_case
2020-11-13,0,Trong nước,local_case
2020-11-14,0,Trong nước,local_case
2020-11-15,0,Trong nước,local_case
2020-11-16,0,Trong nước,local_case
2020-11-17,0,Trong nước,local_case
2020-11-18,0,Trong nước,local_case
2020-11-19,0,Trong nước,local_case
2020-11-20,0,Trong nước,local_case
2020-11-21,0,Trong nước,local_case
2020-11-22,0,Trong nước,local_case
2020-11-23,0,Trong nước,local_case
2020-11-24,0,Trong nước,local_case
2020-11-25,0,Trong nước,local_case
2020-11-26,0,Trong nước,local_case
2020-11-27,0,Trong nước,local_case
2020-11-28,0,Trong nước,local_case
2020-11-29,0,Trong nước,local_case
2020-11-30,0,Trong nước,local_case
2020-12-01,3,Trong nước,local_case
2020-12-02,0,Trong nước,local_case
2020-12-03,0,Trong nước,local_case
2020-12-04,0,Trong nước,local_case
2020-12-05,0,Trong nước,local_case
2020-12-06,0,Trong nước,local_case
2020-12-07,0,Trong nước,local_case
2020-12-08,0,Trong nước,local_case
2020-12-09,0,Trong nước,local_case
2020-12-10,0,Trong nước,local_case
2020-12-11,0,Trong nước,local_case
2020-12-12,0,Trong nước,local_case
2020-12-13,0,Trong nước,local_case
2020-12-14,0,Trong nước,local_case
2020-12-15,0,Trong nước,local_case
2020-12-16,0,Trong nước,local_case
2020-12-17,0,Trong nước,local_case
2020-12-18,0,Trong nước,local_case
2020-12-19,0,Trong nước,local_case
2020-12-20,0,Trong nước,local_case
2020-12-21,0,Trong nước,local_case
2020-12-22,0,Trong nước,local_case
2020-12-23,0,Trong nước,local_case
2020-12-24,0,Trong nước,local_case
2020-12-25,0,Trong nước,local_case
2020-12-26,0,Trong nước,local_case
2020-12-27,0,Trong nước,local_case
2020-12-28,0,Trong nước,local_case
2020-12-29,0,Trong nước,local_case
2020-12-30,0,Trong nước,local_case
2020-12-31,0,Trong nước,local_case
2021-01-01,0,Trong nước,local_case
2021-01-02,0,Trong nước,local_case
2021-01-03,0,Trong nước,local_case
2021-01-04,0,Trong nước,local_case
2021-01-05,0,Trong nước,local_case
2021-01-06,0,Trong nước,local_case
2021-01-07,0,Trong nước,local_case
2021-01-08,0,Trong nước,local_case
2021-01-09,0,Trong nước,local_case
2021-01-10,0,Trong nước,local_case
2021-01-11,0,Trong nước,local_case
2021-01-12,0,Trong nước,local_case
2021-01-13,0,Trong nước,local_case
2021-01-14,0,Trong nước,local_case
2021-01-15,0,Trong nước,local_case
2021-01-16,0,Trong nước,local_case
2021-01-17,0,Trong nước,local_case
2021-01-18,0,Trong nước,local_case
2021-01-19,0,Trong nước,local_case
2021-01-20,0,Trong nước,local_case
2021-01-21,0,Trong nước,local_case
2021-01-22,0,Trong nước,local_case
2021-01-23,0,Trong nước,local_case
2021-01-24,0,Trong nước,local_case
2021-01-25,0,Trong nước,local_case
2021-01-26,0,Trong nước,local_case
2021-01-27,0,Trong nước,local_case
2021-01-28,2,Trong nước,local_case
2021-01-29,96,Trong nước,local_case
2021-01-30,39,Trong nước,local_case
2021-01-31,99,Trong nước,local_case
2021-02-01,34,Trong nước,local_case
2021-02-02,23,Trong nước,local_case
2021-02-03,36,Trong nước,local_case
2021-02-04,46,Trong nước,local_case
2021-02-05,18,Trong nước,local_case
2021-02-06,5,Trong nước,local_case
2021-02-07,20,Trong nước,local_case
2021-02-08,12,Trong nước,local_case
2021-02-09,53,Trong nước,local_case
2021-02-10,21,Trong nước,local_case
2021-02-11,49,Trong nước,local_case
2021-02-12,2,Trong nước,local_case
2021-02-13,49,Trong nước,local_case
2021-02-14,33,Trong nước,local_case
2021-02-15,11,Trong nước,local_case
2021-02-16,43,Trong nước,local_case
2021-02-17,44,Trong nước,local_case
2021-02-18,2,Trong nước,local_case
2021-02-19,19,Trong nước,local_case
2021-02-20,14,Trong nước,local_case
2021-02-21,13,Trong nước,local_case
2021-02-22,10,Trong nước,local_case
2021-02-23,16,Trong nước,local_case
2021-02-24,11,Trong nước,local_case
2021-02-25,8,Trong nước,local_case
2021-02-26,6,Trong nước,local_case
2021-02-27,6,Trong nước,local_case
2021-02-28,16,Trong nước,local_case
2021-03-01,13,Trong nước,local_case
2021-03-02,11,Trong nước,local_case
2021-03-03,9,Trong nước,local_case
2021-03-04,6,Trong nước,local_case
2021-03-05,6,Trong nước,local_case
2021-03-06,12,Trong nước,local_case
2021-03-07,2,Trong nước,local_case
2021-03-08,1,Trong nước,local_case
2021-03-09,1,Trong nước,local_case
2021-03-10,2,Trong nước,local_case
2021-03-11,0,Trong nước,local_case
2021-03-12,4,Trong nước,local_case
2021-03-13,2,Trong nước,local_case
2021-03-14,0,Trong nước,local_case
2021-03-15,1,Trong nước,local_case
2021-03-16,3,Trong nước,local_case
2021-03-17,2,Trong nước,local_case
2021-03-18,2,Trong nước,local_case
2021-03-19,0,Trong nước,local_case
2021-03-20,0,Trong nước,local_case
2021-03-21,0,Trong nước,local_case
2021-03-22,0,Trong nước,local_case
2021-03-23,0,Trong nước,local_case
2021-03-24,0,Trong nước,local_case
2021-03-25,2,Trong nước,local_case
2021-03-26,0,Trong nước,local_case
2021-03-27,0,Trong nước,local_case
2021-03-28,0,Trong nước,local_case
2021-03-29,0,Trong nước,local_case
2021-03-30,0,Trong nước,local_case
2021-03-31,0,Trong nước,local_case
2021-04-01,0,Trong nước,local_case
2021-04-02,0,Trong nước,local_case
2021-04-03,0,Trong nước,local_case
2021-04-04,0,Trong nước,local_case
2021-04-05,0,Trong nước,local_case
2021-04-06,0,Trong nước,local_case
2021-04-07,0,Trong nước,local_case
2021-04-08,0,Trong nước,local_case
2021-04-09,0,Trong nước,local_case
2021-04-10,0,Trong nước,local_case
2021-04-11,0,Trong nước,local_case
2021-04-12,0,Trong nước,local_case
2021-04-13,0,Trong nước,local_case
2021-04-14,0,Trong nước,local_case
2021-04-15,0,Trong nước,local_case
2021-04-16,0,Trong nước,local_case
2021-04-17,0,Trong nước,local_case
2021-04-18,0,Trong nước,local_case
2021-04-19,0,Trong nước,local_case
2021-04-20,0,Trong nước,local_case
2021-04-21,0,Trong nước,local_case
2021-04-22,0,Trong nước,local_case
2021-04-23,0,Trong nước,local_case
2021-04-24,0,Trong nước,local_case
2021-04-25,0,Trong nước,local_case
2021-04-26,0,Trong nước,local_case
2021-04-27,1,Trong nước,local_case
2021-04-28,0,Trong nước,local_case
2021-04-29,2,Trong nước,local_case
2021-04-30,11,Trong nước,local_case
2021-05-01,2,Trong nước,local_case
2021-05-02,3,Trong nước,local_case
2021-05-03,12,Trong nước,local_case
2021-05-04,7,Trong nước,local_case
2021-05-05,4,Trong nước,local_case
2021-05-06,77,Trong nước,local_case
2021-05-07,42,Trong nước,local_case
2021-05-08,82,Trong nước,local_case
2021-05-09,90,Trong nước,local_case
2021-05-10,128,Trong nước,local_case
2021-05-11,83,Trong nước,local_case
2021-05-12,76,Trong nước,local_case
2021-05-13,88,Trong nước,local_case
2021-05-14,96,Trong nước,local_case
2021-05-15,76,Trong nước,local_case
2021-05-16,291,Trong nước,local_case
2021-05-17,118,Trong nước,local_case
2021-05-18,156,Trong nước,local_case
2021-05-19,104,Trong nước,local_case
2021-05-20,196,Trong nước,local_case
2021-05-21,119,Trong nước,local_case
2021-05-22,146,Trong nước,local_case
2021-05-23,138,Trong nước,local_case
2021-05-24,189,Trong nước,local_case
2021-05-25,441,Trong nước,local_case
2021-05-26,236,Trong nước,local_case
2021-05-27,191,Trong nước,local_case
2021-05-28,294,Trong nước,local_case
2021-05-29,277,Trong nước,local_case
2021-05-30,202,Trong nước,local_case
2021-05-31,260,Trong nước,local_case
2021-06-01,262,Trong nước,local_case
2021-06-02,205,Trong nước,local_case
2021-06-03,252,Trong nước,local_case
2021-06-04,229,Trong nước,local_case
2021-06-05,241,Trong nước,local_case
2021-06-06,204,Trong nước,local_case
2021-06-07,214,Trong nước,local_case
2021-06-08,171,Trong nước,local_case
2021-06-09,383,Trong nước,local_case
2021-06-10,211,Trong nước,local_case
2021-06-11,186,Trong nước,local_case
2021-06-12,260,Trong nước,local_case
2021-06-13,282,Trong nước,local_case
2021-06-14,267,Trong nước,local_case
2021-06-15,398,Trong nước,local_case
2021-06-16,416,Trong nước,local_case
2021-06-17,503,Trong nước,local_case
2021-06-18,261,Trong nước,local_case
2021-06-19,440,Trong nước,local_case
2021-06-20,343,Trong nước,local_case
2021-06-21,268,Trong nước,local_case
2021-06-22,168,Trong nước,local_case
2021-06-23,217,Trong nước,local_case
2021-06-24,341,Trong nước,local_case
2021-06-25,849,Trong nước,local_case
2021-06-26,100,Trong nước,local_case
2021-06-27,329,Trong nước,local_case
2021-06-28,479,Trong nước,local_case
2021-06-29,282,Trong nước,local_case
2021-06-30,529,Trong nước,local_case
2021-07-01,698,Trong nước,local_case
2021-07-02,528,Trong nước,local_case
2021-07-03,916,Trong nước,local_case
2021-07-04,851,Trong nước,local_case
2021-07-05,1099,Trong nước,local_case
2021-07-06,1041,Trong nước,local_case
2021-07-07,1513,Trong nước,local_case
2021-07-08,793,Trong nước,local_case
2021-07-09,1613,Trong nước,local_case
2021-07-10,1872,Trong nước,local_case
2021-07-11,1933,Trong nước,local_case
2021-07-12,2365,Trong nước,local_case
2021-07-13,2299,Trong nước,local_case
2021-07-14,2222,Trong nước,local_case
2021-07-15,4096,Trong nước,local_case
2021-07-16,1657,Trong nước,local_case
2021-07-17,6017,Trong nước,local_case
2021-07-18,5299,Trong nước,local_case
2021-07-19,4190,Trong nước,local_case
2021-07-20,4781,Trong nước,local_case
2021-07-21,7091,Trong nước,local_case
2021-07-22,6528,Trong nước,local_case
2021-07-23,5273,Trong nước,local_case
2021-07-24,9248,Trong nước,local_case
2021-07-25,4593,Trong nước,local_case
2021-07-26,10810,Trong nước,local_case
2021-07-27,7893,Trong nước,local_case
2021-07-28,6561,Trong nước,local_case
2021-07-29,7597,Trong nước,local_case
2021-07-30,8626,Trong nước,local_case
2021-07-31,8627,Trong nước,local_case
2021-08-01,8600,Trong nước,local_case
2021-08-02,7449,Trong nước,local_case
2021-08-03,8381,Trong nước,local_case
2021-08-04,7690,Trong nước,local_case
2021-08-05,7238,Trong nước,local_case
2021-08-06,8326,Trong nước,local_case
2021-08-07,7358,Trong nước,local_case
2021-08-08,9687,Trong nước,local_case
2021-08-09,9350,Trong nước,local_case
2021-08-10,8403,Trong nước,local_case
2021-08-11,8787,Trong nước,local_case
2021-08-12,9649,Trong nước,local_case
2021-08-13,9157,Trong nước,local_case
2021-08-14,9713,Trong nước,local_case
2021-08-15,9578,Trong nước,local_case
2021-08-16,8675,Trong nước,local_case
2021-08-17,9634,Trong nước,local_case
2021-08-18,8810,Trong nước,local_case
2021-08-19,10540,Trong nước,local_case
2021-08-20,10695,Trong nước,local_case
2021-08-21,13458,Trong nước,local_case
2021-08-22,11183,Trong nước,local_case
2021-08-23,10350,Trong nước,local_case
2021-08-24,11084,Trong nước,local_case
2021-08-25,12146,Trong nước,local_case
2021-08-26,11617,Trong nước,local_case
2021-08-27,17455,Trong nước,local_case
2021-08-28,12177,Trong nước,local_case
2021-08-29,12657,Trong nước,local_case
2021-08-30,14415,Trong nước,local_case
2021-08-31,12667,Trong nước,local_case
2021-09-01,11544,Trong nước,local_case
2021-09-02,13267,Trong nước,local_case
2021-09-03,14973,Trong nước,local_case
2021-09-04,9606,Trong nước,local_case
2021-09-05,13200,Trong nước,local_case
2021-09-06,12747,Trong nước,local_case
2021-09-07,14298,Trong nước,local_case
2021-09-08,12758,Trong nước,local_case
2021-09-09,12463,Trong nước,local_case
2021-09-10,13449,Trong nước,local_case
2021-09-11,12010,Trong nước,local_case
2021-09-12,12121,Trong nước,local_case
2021-09-13,11245,Trong nước,local_case
2021-09-14,10541,Trong nước,local_case
2021-09-15,10634,Trong nước,local_case
2021-09-16,10542,Trong nước,local_case
2021-09-17,11530,Trong nước,local_case
2021-09-18,9384,Trong nước,local_case
2021-09-19,10077,Trong nước,local_case
2021-09-20,8710,Trong nước,local_case
2021-09-21,11732,Trong nước,local_case
2021-09-22,11593,Trong nước,local_case
2021-09-23,9491,Trong nước,local_case
2021-09-24,8547,Trong nước,local_case
2021-09-25,9696,Trong nước,local_case
2021-09-26,10033,Trong nước,local_case
2021-09-27,9416,Trong nước,local_case
2021-09-28,8065,Trong nước,local_case
2021-09-29,8773,Trong nước,local_case
2021-09-30,8205,Trong nước,local_case
2021-10-01,7059,Trong nước,local_case
2021-10-02,5602,Trong nước,local_case
2021-10-03,7166,Trong nước,local_case
2021-10-04,7547,Trong nước,local_case
2021-10-05,5619,Trong nước,local_case
2021-10-06,5228,Trong nước,local_case
2021-10-07,4229,Trong nước,local_case
2021-10-08,5178,Trong nước,local_case
2021-10-09,4885,Trong nước,local_case
2021-10-10,5193,Trong nước,local_case
2021-10-11,4324,Trong nước,local_case
2021-10-12,3253,Trong nước,local_case
2021-10-13,4223,Trong nước,local_case
2021-10-14,4996,Trong nước,local_case
2021-10-15,4973,Trong nước,local_case
2021-10-16,4014,Trong nước,local_case
2021-10-17,3777,Trong nước,local_case
2021-10-18,3919,Trong nước,local_case
2021-10-19,3813,Trong nước,local_case
2021-10-20,4052,Trong nước,local_case
2021-10-21,4493,Trong nước,local_case
2021-10-22,4457,Trong nước,local_case
2021-10-23,4243,Trong nước,local_case
2021-10-24,4653,Trong nước,local_case
2021-10-25,4021,Trong nước,local_case
2021-10-26,4235,Trong nước,local_case
2021-10-27,5426,Trong nước,local_case
2021-10-28,5465,Trong nước,local_case
2021-10-29,5939,Trong nước,local_case
2021-10-30,5573,Trong nước,local_case
2021-10-31,6327,Trong nước,local_case
2021-11-01,6171,Trong nước,local_case
2021-11-02,5737,Trong nước,local_case
2021-11-03,7410,Trong nước,local_case
2021-11-04,6647,Trong nước,local_case
2021-11-05,7574,Trong nước,local_case
2021-11-06,7489,Trong nước,local_case
2021-11-07,7631,Trong nước,local_case
2021-11-08,7954,Trong nước,local_case
2021-11-09,8129,Trong nước,local_case
2021-11-10,7918,Trong nước,local_case
2021-11-11,8145,Trong nước,local_case
2021-11-12,8976,Trong nước,local_case
2021-11-13,8451,Trong nước,local_case
2021-11-14,8163,Trong nước,local_case
2021-11-15,8603,Trong nước,local_case
2021-11-16,10851,Trong nước,local_case
2021-11-17,9954,Trong nước,local_case
2021-11-18,11049,Trong nước,local_case
2021-11-19,9648,Trong nước,local_case
2021-11-20,10436,Trong nước,local_case
2021-11-21,10778,Trong nước,local_case
2021-11-22,10299,Trong nước,local_case
2021-11-23,10614,Trong nước,local_case
2021-11-24,12283,Trong nước,local_case
2021-11-25,12429,Trong nước,local_case
2021-11-26,13094,Trong nước,local_case
2021-11-27,12376,Trong nước,local_case
2021-11-28,12913,Trong nước,local_case
2021-11-29,13758,Trong nước,local_case
2021-11-30,13966,Trong nước,local_case
2021-12-01,14506,Trong nước,local_case
2021-12-02,13677,Trong nước,local_case
2021-12-03,14483,Trong nước,local_case
2021-12-04,13993,Trong nước,local_case
2021-12-05,14312,Trong nước,local_case
2021-12-06,14558,Trong nước,local_case
2020-01-23,0,Tử vong,death_case
2020-01-24,0,Tử vong,death_case
2020-01-25,0,Tử vong,death_case
2020-01-26,0,Tử vong,death_case
2020-01-27,0,Tử vong,death_case
2020-01-28,0,Tử vong,death_case
2020-01-29,0,Tử vong,death_case
2020-01-30,0,Tử vong,death_case
2020-01-31,0,Tử vong,death_case
2020-02-01,0,Tử vong,death_case
2020-02-02,0,Tử vong,death_case
2020-02-03,0,Tử vong,death_case
2020-02-04,0,Tử vong,death_case
2020-02-05,0,Tử vong,death_case
2020-02-06,0,Tử vong,death_case
2020-02-07,0,Tử vong,death_case
2020-02-08,0,Tử vong,death_case
2020-02-09,0,Tử vong,death_case
2020-02-10,0,Tử vong,death_case
2020-02-11,0,Tử vong,death_case
2020-02-12,0,Tử vong,death_case
2020-02-13,0,Tử vong,death_case
2020-02-14,0,Tử vong,death_case
2020-02-15,0,Tử vong,death_case
2020-02-16,0,Tử vong,death_case
2020-02-17,0,Tử vong,death_case
2020-02-18,0,Tử vong,death_case
2020-02-19,0,Tử vong,death_case
2020-03-06,0,Tử vong,death_case
2020-03-07,0,Tử vong,death_case
2020-03-08,0,Tử vong,death_case
2020-03-09,0,Tử vong,death_case
2020-03-10,0,Tử vong,death_case
2020-03-11,0,Tử vong,death_case
2020-03-12,0,Tử vong,death_case
2020-03-13,0,Tử vong,death_case
2020-03-14,0,Tử vong,death_case
2020-03-15,0,Tử vong,death_case
2020-03-16,0,Tử vong,death_case
2020-03-17,0,Tử vong,death_case
2020-03-18,0,Tử vong,death_case
2020-03-19,0,Tử vong,death_case
2020-03-20,0,Tử vong,death_case
2020-03-21,0,Tử vong,death_case
2020-03-22,0,Tử vong,death_case
2020-03-23,0,Tử vong,death_case
2020-03-24,0,Tử vong,death_case
2020-03-25,0,Tử vong,death_case
2020-03-26,0,Tử vong,death_case
2020-03-27,0,Tử vong,death_case
2020-03-28,0,Tử vong,death_case
2020-03-29,0,Tử vong,death_case
2020-03-30,0,Tử vong,death_case
2020-03-31,0,Tử vong,death_case
2020-04-01,0,Tử vong,death_case
2020-04-02,0,Tử vong,death_case
2020-04-03,0,Tử vong,death_case
2020-04-04,0,Tử vong,death_case
2020-04-05,0,Tử vong,death_case
2020-04-06,0,Tử vong,death_case
2020-04-07,0,Tử vong,death_case
2020-04-08,0,Tử vong,death_case
2020-04-09,0,Tử vong,death_case
2020-04-10,0,Tử vong,death_case
2020-04-11,0,Tử vong,death_case
2020-04-12,0,Tử vong,death_case
2020-04-13,0,Tử vong,death_case
2020-04-14,0,Tử vong,death_case
2020-04-15,0,Tử vong,death_case
2020-04-16,0,Tử vong,death_case
2020-04-17,0,Tử vong,death_case
2020-04-18,0,Tử vong,death_case
2020-04-19,0,Tử vong,death_case
2020-04-20,0,Tử vong,death_case
2020-04-21,0,Tử vong,death_case
2020-04-22,0,Tử vong,death_case
2020-04-23,0,Tử vong,death_case
2020-04-24,0,Tử vong,death_case
2020-04-25,0,Tử vong,death_case
2020-04-26,0,Tử vong,death_case
2020-04-27,0,Tử vong,death_case
2020-04-28,0,Tử vong,death_case
2020-04-29,0,Tử vong,death_case
2020-04-30,0,Tử vong,death_case
2020-05-01,0,Tử vong,death_case
2020-05-03,0,Tử vong,death_case
2020-05-04,0,Tử vong,death_case
2020-05-05,0,Tử vong,death_case
2020-05-06,0,Tử vong,death_case
2020-05-07,0,Tử vong,death_case
2020-05-08,0,Tử vong,death_case
2020-05-09,0,Tử vong,death_case
2020-05-10,0,Tử vong,death_case
2020-05-11,0,Tử vong,death_case
2020-05-12,0,Tử vong,death_case
2020-05-13,0,Tử vong,death_case
2020-05-14,0,Tử vong,death_case
2020-05-15,0,Tử vong,death_case
2020-05-16,0,Tử vong,death_case
2020-05-17,0,Tử vong,death_case
2020-05-18,0,Tử vong,death_case
2020-05-19,0,Tử vong,death_case
2020-05-20,0,Tử vong,death_case
2020-05-21,0,Tử vong,death_case
2020-05-22,0,Tử vong,death_case
2020-05-23,0,Tử vong,death_case
2020-05-24,0,Tử vong,death_case
2020-05-25,0,Tử vong,death_case
2020-05-26,0,Tử vong,death_case
2020-05-27,0,Tử vong,death_case
2020-05-28,0,Tử vong,death_case
2020-05-29,0,Tử vong,death_case
2020-05-30,0,Tử vong,death_case
2020-05-31,0,Tử vong,death_case
2020-06-01,0,Tử vong,death_case
2020-06-02,1,Tử vong,death_case
2020-06-03,0,Tử vong,death_case
2020-06-04,0,Tử vong,death_case
2020-06-05,0,Tử vong,death_case
2020-06-06,0,Tử vong,death_case
2020-06-07,0,Tử vong,death_case
2020-06-08,0,Tử vong,death_case
2020-06-09,0,Tử vong,death_case
2020-06-10,0,Tử vong,death_case
2020-06-11,0,Tử vong,death_case
2020-06-12,0,Tử vong,death_case
2020-06-13,0,Tử vong,death_case
2020-06-14,0,Tử vong,death_case
2020-06-15,0,Tử vong,death_case
2020-06-16,0,Tử vong,death_case
2020-06-17,0,Tử vong,death_case
2020-06-18,0,Tử vong,death_case
2020-06-19,0,Tử vong,death_case
2020-06-20,0,Tử vong,death_case
2020-06-21,0,Tử vong,death_case
2020-06-22,0,Tử vong,death_case
2020-06-23,0,Tử vong,death_case
2020-06-24,0,Tử vong,death_case
2020-06-25,0,Tử vong,death_case
2020-06-26,0,Tử vong,death_case
2020-06-27,0,Tử vong,death_case
2020-06-28,0,Tử vong,death_case
2020-06-29,0,Tử vong,death_case
2020-06-30,0,Tử vong,death_case
2020-07-01,0,Tử vong,death_case
2020-07-02,0,Tử vong,death_case
2020-07-03,0,Tử vong,death_case
2020-07-04,0,Tử vong,death_case
2020-07-06,0,Tử vong,death_case
2020-07-07,0,Tử vong,death_case
2020-07-08,0,Tử vong,death_case
2020-07-09,0,Tử vong,death_case
2020-07-10,0,Tử vong,death_case
2020-07-11,0,Tử vong,death_case
2020-07-12,0,Tử vong,death_case
2020-07-13,0,Tử vong,death_case
2020-07-14,0,Tử vong,death_case
2020-07-15,0,Tử vong,death_case
2020-07-16,0,Tử vong,death_case
2020-07-17,0,Tử vong,death_case
2020-07-18,0,Tử vong,death_case
2020-07-19,0,Tử vong,death_case
2020-07-20,0,Tử vong,death_case
2020-07-21,0,Tử vong,death_case
2020-07-22,0,Tử vong,death_case
2020-07-23,0,Tử vong,death_case
2020-07-24,0,Tử vong,death_case
2020-07-25,0,Tử vong,death_case
2020-07-26,0,Tử vong,death_case
2020-07-27,0,Tử vong,death_case
2020-07-28,0,Tử vong,death_case
2020-07-29,0,Tử vong,death_case
2020-07-30,0,Tử vong,death_case
2020-07-31,4,Tử vong,death_case
2020-08-01,1,Tử vong,death_case
2020-08-02,3,Tử vong,death_case
2020-08-03,0,Tử vong,death_case
2020-08-04,2,Tử vong,death_case
2020-08-05,0,Tử vong,death_case
2020-08-06,2,Tử vong,death_case
2020-08-07,0,Tử vong,death_case
2020-08-08,0,Tử vong,death_case
2020-08-09,1,Tử vong,death_case
2020-08-10,4,Tử vong,death_case
2020-08-11,1,Tử vong,death_case
2020-08-12,1,Tử vong,death_case
2020-08-13,4,Tử vong,death_case
2020-08-14,0,Tử vong,death_case
2020-08-15,2,Tử vong,death_case
2020-08-16,1,Tử vong,death_case
2020-08-17,0,Tử vong,death_case
2020-08-18,1,Tử vong,death_case
2020-08-19,0,Tử vong,death_case
2020-08-20,0,Tử vong,death_case
2020-08-21,0,Tử vong,death_case
2020-08-22,1,Tử vong,death_case
2020-08-23,1,Tử vong,death_case
2020-08-24,0,Tử vong,death_case
2020-08-25,0,Tử vong,death_case
2020-08-26,2,Tử vong,death_case
2020-08-27,1,Tử vong,death_case
2020-08-28,0,Tử vong,death_case
2020-08-29,2,Tử vong,death_case
2020-08-30,0,Tử vong,death_case
2020-08-31,0,Tử vong,death_case
2020-09-01,0,Tử vong,death_case
2020-09-02,0,Tử vong,death_case
2020-09-03,1,Tử vong,death_case
2020-09-04,0,Tử vong,death_case
2020-09-05,0,Tử vong,death_case
2020-09-06,0,Tử vong,death_case
2020-09-07,0,Tử vong,death_case
2020-09-08,0,Tử vong,death_case
2020-09-09,0,Tử vong,death_case
2020-09-10,0,Tử vong,death_case
2020-09-11,0,Tử vong,death_case
2020-09-12,0,Tử vong,death_case
2020-09-13,0,Tử vong,death_case
2020-09-14,0,Tử vong,death_case
2020-09-15,0,Tử vong,death_case
2020-09-16,0,Tử vong,death_case
2020-09-17,0,Tử vong,death_case
2020-09-18,0,Tử vong,death_case
2020-09-19,0,Tử vong,death_case
2020-09-20,0,Tử vong,death_case
2020-09-21,0,Tử vong,death_case
2020-09-22,0,Tử vong,death_case
2020-09-23,0,Tử vong,death_case
2020-09-24,0,Tử vong,death_case
2020-09-25,0,Tử vong,death_case
2020-09-26,0,Tử vong,death_case
2020-09-27,0,Tử vong,death_case
2020-09-28,0,Tử vong,death_case
2020-09-29,0,Tử vong,death_case
2020-09-30,0,Tử vong,death_case
2020-10-01,0,Tử vong,death_case
2020-10-02,0,Tử vong,death_case
2020-10-03,0,Tử vong,death_case
2020-10-04,0,Tử vong,death_case
2020-10-05,0,Tử vong,death_case
2020-10-06,0,Tử vong,death_case
2020-10-07,0,Tử vong,death_case
2020-10-08,0,Tử vong,death_case
2020-10-09,0,Tử vong,death_case
2020-10-10,0,Tử vong,death_case
2020-10-11,0,Tử vong,death_case
2020-10-12,0,Tử vong,death_case
2020-10-13,0,Tử vong,death_case
2020-10-14,0,Tử vong,death_case
2020-10-15,0,Tử vong,death_case
2020-10-16,0,Tử vong,death_case
2020-10-17,0,Tử vong,death_case
2020-10-18,0,Tử vong,death_case
2020-10-19,0,Tử vong,death_case
2020-10-20,0,Tử vong,death_case
2020-10-21,0,Tử vong,death_case
2020-10-22,0,Tử vong,death_case
2020-10-23,0,Tử vong,death_case
2020-10-24,0,Tử vong,death_case
2020-10-25,0,Tử vong,death_case
2020-10-26,0,Tử vong,death_case
2020-10-27,0,Tử vong,death_case
2020-10-28,0,Tử vong,death_case
2020-10-29,0,Tử vong,death_case
2020-10-30,0,Tử vong,death_case
2020-10-31,0,Tử vong,death_case
2020-11-01,0,Tử vong,death_case
2020-11-02,0,Tử vong,death_case
2020-11-03,0,Tử vong,death_case
2020-11-04,0,Tử vong,death_case
2020-11-05,0,Tử vong,death_case
2020-11-06,0,Tử vong,death_case
2020-11-07,0,Tử vong,death_case
2020-11-08,0,Tử vong,death_case
2020-11-09,0,Tử vong,death_case
2020-11-10,0,Tử vong,death_case
2020-11-11,0,Tử vong,death_case
2020-11-12,0,Tử vong,death_case
2020-11-13,0,Tử vong,death_case
2020-11-14,0,Tử vong,death_case
2020-11-15,0,Tử vong,death_case
2020-11-16,0,Tử vong,death_case
2020-11-17,0,Tử vong,death_case
2020-11-18,0,Tử vong,death_case
2020-11-19,0,Tử vong,death_case
2020-11-20,0,Tử vong,death_case
2020-11-21,0,Tử vong,death_case
2020-11-22,0,Tử vong,death_case
2020-11-23,0,Tử vong,death_case
2020-11-24,0,Tử vong,death_case
2020-11-25,0,Tử vong,death_case
2020-11-26,0,Tử vong,death_case
2020-11-27,0,Tử vong,death_case
2020-11-28,0,Tử vong,death_case
2020-11-29,0,Tử vong,death_case
2020-11-30,0,Tử vong,death_case
2020-12-01,0,Tử vong,death_case
2020-12-02,0,Tử vong,death_case
2020-12-03,0,Tử vong,death_case
2020-12-04,0,Tử vong,death_case
2020-12-05,0,Tử vong,death_case
2020-12-06,0,Tử vong,death_case
2020-12-07,0,Tử vong,death_case
2020-12-08,0,Tử vong,death_case
2020-12-09,0,Tử vong,death_case
2020-12-10,0,Tử vong,death_case
2020-12-11,0,Tử vong,death_case
2020-12-12,0,Tử vong,death_case
2020-12-13,0,Tử vong,death_case
2020-12-14,0,Tử vong,death_case
2020-12-15,0,Tử vong,death_case
2020-12-16,0,Tử vong,death_case
2020-12-17,0,Tử vong,death_case
2020-12-18,0,Tử vong,death_case
2020-12-19,0,Tử vong,death_case
2020-12-20,0,Tử vong,death_case
2020-12-21,0,Tử vong,death_case
2020-12-22,0,Tử vong,death_case
2020-12-23,0,Tử vong,death_case
2020-12-24,0,Tử vong,death_case
2020-12-25,0,Tử vong,death_case
2020-12-26,0,Tử vong,death_case
2020-12-27,0,Tử vong,death_case
2020-12-28,0,Tử vong,death_case
2020-12-29,0,Tử vong,death_case
2020-12-30,0,Tử vong,death_case
2020-12-31,0,Tử vong,death_case
2021-01-01,0,Tử vong,death_case
2021-01-02,0,Tử vong,death_case
2021-01-03,0,Tử vong,death_case
2021-01-04,0,Tử vong,death_case
2021-01-05,0,Tử vong,death_case
2021-01-06,0,Tử vong,death_case
2021-01-07,0,Tử vong,death_case
2021-01-08,0,Tử vong,death_case
2021-01-09,0,Tử vong,death_case
2021-01-10,0,Tử vong,death_case
2021-01-11,0,Tử vong,death_case
2021-01-12,0,Tử vong,death_case
2021-01-13,0,Tử vong,death_case
2021-01-14,0,Tử vong,death_case
2021-01-15,0,Tử vong,death_case
2021-01-16,0,Tử vong,death_case
2021-01-17,0,Tử vong,death_case
2021-01-18,0,Tử vong,death_case
2021-01-19,0,Tử vong,death_case
2021-01-20,0,Tử vong,death_case
2021-01-21,0,Tử vong,death_case
2021-01-22,0,Tử vong,death_case
2021-01-23,0,Tử vong,death_case
2021-01-24,0,Tử vong,death_case
2021-01-25,0,Tử vong,death_case
2021-01-26,0,Tử vong,death_case
2021-01-27,0,Tử vong,death_case
2021-01-28,0,Tử vong,death_case
2021-01-29,0,Tử vong,death_case
2021-01-30,0,Tử vong,death_case
2021-01-31,0,Tử vong,death_case
2021-02-01,0,Tử vong,death_case
2021-02-02,0,Tử vong,death_case
2021-02-03,0,Tử vong,death_case
2021-02-04,0,Tử vong,death_case
2021-02-05,0,Tử vong,death_case
2021-02-06,0,Tử vong,death_case
2021-02-07,0,Tử vong,death_case
2021-02-08,0,Tử vong,death_case
2021-02-09,0,Tử vong,death_case
2021-02-10,0,Tử vong,death_case
2021-02-11,0,Tử vong,death_case
2021-02-12,0,Tử vong,death_case
2021-02-13,0,Tử vong,death_case
2021-02-14,0,Tử vong,death_case
2021-02-15,0,Tử vong,death_case
2021-02-16,0,Tử vong,death_case
2021-02-17,0,Tử vong,death_case
2021-02-18,0,Tử vong,death_case
2021-02-19,0,Tử vong,death_case
2021-02-20,0,Tử vong,death_case
2021-02-21,0,Tử vong,death_case
2021-02-22,0,Tử vong,death_case
2021-02-23,0,Tử vong,death_case
2021-02-24,0,Tử vong,death_case
2021-02-25,0,Tử vong,death_case
2021-02-26,0,Tử vong,death_case
2021-02-27,0,Tử vong,death_case
2021-02-28,0,Tử vong,death_case
2021-03-01,0,Tử vong,death_case
2021-03-02,0,Tử vong,death_case
2021-03-03,0,Tử vong,death_case
2021-03-04,0,Tử vong,death_case
2021-03-05,0,Tử vong,death_case
2021-03-06,0,Tử vong,death_case
2021-03-07,0,Tử vong,death_case
2021-03-08,0,Tử vong,death_case
2021-03-09,0,Tử vong,death_case
2021-03-10,0,Tử vong,death_case
2021-03-11,0,Tử vong,death_case
2021-03-12,0,Tử vong,death_case
2021-03-13,0,Tử vong,death_case
2021-03-14,0,Tử vong,death_case
2021-03-15,0,Tử vong,death_case
2021-03-16,0,Tử vong,death_case
2021-03-17,0,Tử vong,death_case
2021-03-18,0,Tử vong,death_case
2021-03-19,0,Tử vong,death_case
2021-03-20,0,Tử vong,death_case
2021-03-21,0,Tử vong,death_case
2021-03-22,0,Tử vong,death_case
2021-03-23,0,Tử vong,death_case
2021-03-24,0,Tử vong,death_case
2021-03-25,0,Tử vong,death_case
2021-03-26,0,Tử vong,death_case
2021-03-27,0,Tử vong,death_case
2021-03-28,0,Tử vong,death_case
2021-03-29,0,Tử vong,death_case
2021-03-30,0,Tử vong,death_case
2021-03-31,0,Tử vong,death_case
2021-04-01,0,Tử vong,death_case
2021-04-02,0,Tử vong,death_case
2021-04-03,0,Tử vong,death_case
2021-04-04,0,Tử vong,death_case
2021-04-05,0,Tử vong,death_case
2021-04-06,0,Tử vong,death_case
2021-04-07,0,Tử vong,death_case
2021-04-08,0,Tử vong,death_case
2021-04-09,0,Tử vong,death_case
2021-04-10,0,Tử vong,death_case
2021-04-11,0,Tử vong,death_case
2021-04-12,0,Tử vong,death_case
2021-04-13,0,Tử vong,death_case
2021-04-14,0,Tử vong,death_case
2021-04-15,0,Tử vong,death_case
2021-04-16,0,Tử vong,death_case
2021-04-17,0,Tử vong,death_case
2021-04-18,0,Tử vong,death_case
2021-04-19,0,Tử vong,death_case
2021-04-20,0,Tử vong,death_case
2021-04-21,0,Tử vong,death_case
2021-04-22,0,Tử vong,death_case
2021-04-23,0,Tử vong,death_case
2021-04-24,0,Tử vong,death_case
2021-04-25,0,Tử vong,death_case
2021-04-26,0,Tử vong,death_case
2021-04-27,0,Tử vong,death_case
2021-04-28,0,Tử vong,death_case
2021-04-29,0,Tử vong,death_case
2021-04-30,0,Tử vong,death_case
2021-05-01,0,Tử vong,death_case
2021-05-02,0,Tử vong,death_case
2021-05-03,0,Tử vong,death_case
2021-05-04,0,Tử vong,death_case
2021-05-05,0,Tử vong,death_case
2021-05-06,0,Tử vong,death_case
2021-05-07,0,Tử vong,death_case
2021-05-08,0,Tử vong,death_case
2021-05-09,0,Tử vong,death_case
2021-05-10,0,Tử vong,death_case
2021-05-11,0,Tử vong,death_case
2021-05-12,0,Tử vong,death_case
2021-05-13,0,Tử vong,death_case
2021-05-14,0,Tử vong,death_case
2021-05-15,1,Tử vong,death_case
2021-05-16,0,Tử vong,death_case
2021-05-17,1,Tử vong,death_case
2021-05-18,0,Tử vong,death_case
2021-05-19,0,Tử vong,death_case
2021-05-20,2,Tử vong,death_case
2021-05-21,2,Tử vong,death_case
2021-05-22,0,Tử vong,death_case
2021-05-23,1,Tử vong,death_case
2021-05-24,2,Tử vong,death_case
2021-05-25,0,Tử vong,death_case
2021-05-26,1,Tử vong,death_case
2021-05-27,1,Tử vong,death_case
2021-05-28,1,Tử vong,death_case
2021-05-29,0,Tử vong,death_case
2021-05-30,0,Tử vong,death_case
2021-05-31,0,Tử vong,death_case
2021-06-01,0,Tử vong,death_case
2021-06-02,0,Tử vong,death_case
2021-06-03,0,Tử vong,death_case
2021-06-04,4,Tử vong,death_case
2021-06-05,1,Tử vong,death_case
2021-06-06,0,Tử vong,death_case
2021-06-07,3,Tử vong,death_case
2021-06-08,0,Tử vong,death_case
2021-06-09,0,Tử vong,death_case
2021-06-10,2,Tử vong,death_case
2021-06-11,1,Tử vong,death_case
2021-06-12,1,Tử vong,death_case
2021-06-13,0,Tử vong,death_case
2021-06-14,2,Tử vong,death_case
2021-06-15,0,Tử vong,death_case
2021-06-16,0,Tử vong,death_case
2021-06-17,0,Tử vong,death_case
2021-06-18,2,Tử vong,death_case
2021-06-19,3,Tử vong,death_case
2021-06-20,1,Tử vong,death_case
2021-06-21,3,Tử vong,death_case
2021-06-22,0,Tử vong,death_case
2021-06-23,1,Tử vong,death_case
2021-06-24,3,Tử vong,death_case
2021-06-25,2,Tử vong,death_case
2021-06-26,0,Tử vong,death_case
2021-06-27,3,Tử vong,death_case
2021-06-28,0,Tử vong,death_case
2021-06-29,4,Tử vong,death_case
2021-06-30,3,Tử vong,death_case
2021-07-01,0,Tử vong,death_case
2021-07-02,5,Tử vong,death_case
2021-07-03,0,Tử vong,death_case
2021-07-04,9,Tử vong,death_case
2021-07-05,5,Tử vong,death_case
2021-07-06,7,Tử vong,death_case
2021-07-07,8,Tử vong,death_case
2021-07-08,12,Tử vong,death_case
2021-07-09,6,Tử vong,death_case
2021-07-10,9,Tử vong,death_case
2021-07-11,18,Tử vong,death_case
2021-07-12,25,Tử vong,death_case
2021-07-13,20,Tử vong,death_case
2021-07-14,14,Tử vong,death_case
2021-07-15,3,Tử vong,death_case
2021-07-16,1,Tử vong,death_case
2021-07-17,29,Tử vong,death_case
2021-07-18,1,Tử vong,death_case
2021-07-19,79,Tử vong,death_case
2021-07-20,32,Tử vong,death_case
2021-07-21,0,Tử vong,death_case
2021-07-22,0,Tử vong,death_case
2021-07-23,0,Tử vong,death_case
2021-07-24,0,Tử vong,death_case
2021-07-25,154,Tử vong,death_case
2021-07-26,0,Tử vong,death_case
2021-07-27,0,Tử vong,death_case
2021-07-28,106,Tử vong,death_case
2021-07-29,233,Tử vong,death_case
2021-07-30,298,Tử vong,death_case
2021-07-31,145,Tử vong,death_case
2021-08-01,0,Tử vong,death_case
2021-08-02,389,Tử vong,death_case
2021-08-03,376,Tử vong,death_case
2021-08-04,256,Tử vong,death_case
2021-08-05,393,Tử vong,death_case
2021-08-06,296,Tử vong,death_case
2021-08-07,0,Tử vong,death_case
2021-08-08,381,Tử vong,death_case
2021-08-09,360,Tử vong,death_case
2021-08-10,388,Tử vong,death_case
2021-08-11,342,Tử vong,death_case
2021-08-12,326,Tử vong,death_case
2021-08-13,275,Tử vong,death_case
2021-08-14,349,Tử vong,death_case
2021-08-15,337,Tử vong,death_case
2021-08-16,367,Tử vong,death_case
2021-08-17,331,Tử vong,death_case
2021-08-18,298,Tử vong,death_case
2021-08-19,380,Tử vong,death_case
2021-08-20,390,Tử vong,death_case
2021-08-21,0,Tử vong,death_case
2021-08-22,737,Tử vong,death_case
2021-08-23,389,Tử vong,death_case
2021-08-24,348,Tử vong,death_case
2021-08-25,335,Tử vong,death_case
2021-08-26,318,Tử vong,death_case
2021-08-27,386,Tử vong,death_case
2021-08-28,352,Tử vong,death_case
2021-08-29,344,Tử vong,death_case
2021-08-30,315,Tử vong,death_case
2021-08-31,0,Tử vong,death_case
2021-09-01,803,Tử vong,death_case
2021-09-02,271,Tử vong,death_case
2021-09-03,308,Tử vong,death_case
2021-09-04,347,Tử vong,death_case
2021-09-05,281,Tử vong,death_case
2021-09-06,311,Tử vong,death_case
2021-09-07,316,Tử vong,death_case
2021-09-08,424,Tử vong,death_case
2021-09-09,345,Tử vong,death_case
2021-09-10,275,Tử vong,death_case
2021-09-11,273,Tử vong,death_case
2021-09-12,261,Tử vong,death_case
2021-09-13,381,Tử vong,death_case
2021-09-14,276,Tử vong,death_case
2021-09-15,250,Tử vong,death_case
2021-09-16,239,Tử vong,death_case
2021-09-17,212,Tử vong,death_case
2021-09-18,220,Tử vong,death_case
2021-09-19,233,Tử vong,death_case
2021-09-20,215,Tử vong,death_case
2021-09-21,240,Tử vong,death_case
2021-09-22,236,Tử vong,death_case
2021-09-23,236,Tử vong,death_case
2021-09-24,203,Tử vong,death_case
2021-09-25,180,Tử vong,death_case
2021-09-26,184,Tử vong,death_case
2021-09-27,174,Tử vong,death_case
2021-09-28,178,Tử vong,death_case
2021-09-29,162,Tử vong,death_case
2021-09-30,203,Tử vong,death_case
2021-10-01,136,Tử vong,death_case
2021-10-02,164,Tử vong,death_case
2021-10-03,114,Tử vong,death_case
2021-10-04,130,Tử vong,death_case
2021-10-05,134,Tử vong,death_case
2021-10-06,119,Tử vong,death_case
2021-10-07,125,Tử vong,death_case
2021-10-08,114,Tử vong,death_case
2021-10-09,105,Tử vong,death_case
2021-10-10,113,Tử vong,death_case
2021-10-11,115,Tử vong,death_case
2021-10-12,93,Tử vong,death_case
2021-10-13,106,Tử vong,death_case
2021-10-14,81,Tử vong,death_case
2021-10-15,93,Tử vong,death_case
2021-10-16,88,Tử vong,death_case
2021-10-17,63,Tử vong,death_case
2021-10-18,75,Tử vong,death_case
2021-10-19,75,Tử vong,death_case
2021-10-20,72,Tử vong,death_case
2021-10-21,71,Tử vong,death_case
2021-10-22,56,Tử vong,death_case
2021-10-23,77,Tử vong,death_case
2021-10-24,53,Tử vong,death_case
2021-10-25,65,Tử vong,death_case
2021-10-26,64,Tử vong,death_case
2021-10-27,54,Tử vong,death_case
2021-10-28,54,Tử vong,death_case
2021-10-29,56,Tử vong,death_case
2021-10-30,64,Tử vong,death_case
2021-10-31,53,Tử vong,death_case
2021-11-01,48,Tử vong,death_case
2021-11-02,74,Tử vong,death_case
2021-11-03,78,Tử vong,death_case
2021-11-04,59,Tử vong,death_case
2021-11-05,70,Tử vong,death_case
2021-11-06,58,Tử vong,death_case
2021-11-07,61,Tử vong,death_case
2021-11-08,67,Tử vong,death_case
2021-11-09,0,Tử vong,death_case
2021-11-10,0,Tử vong,death_case
2021-11-11,0,Tử vong,death_case
2021-11-12,81,Tử vong,death_case
2021-11-13,88,Tử vong,death_case
2021-11-14,64,Tử vong,death_case
2021-11-15,101,Tử vong,death_case
2021-11-16,87,Tử vong,death_case
2021-11-17,67,Tử vong,death_case
2021-11-18,139,Tử vong,death_case
2021-11-19,102,Tử vong,death_case
2021-11-20,107,Tử vong,death_case
2021-11-21,126,Tử vong,death_case
2021-11-22,140,Tử vong,death_case
2021-11-23,167,Tử vong,death_case
2021-11-24,125,Tử vong,death_case
2021-11-25,48,Tử vong,death_case
2021-11-26,137,Tử vong,death_case
2021-11-27,148,Tử vong,death_case
2021-11-28,190,Tử vong,death_case
2021-11-29,173,Tử vong,death_case
2021-11-30,197,Tử vong,death_case
2021-12-01,196,Tử vong,death_case
2021-12-02,210,Tử vong,death_case
2021-12-03,200,Tử vong,death_case
2021-12-04,203,Tử vong,death_case
2021-12-05,0,Tử vong,death_case
2021-12-06,0,Tử vong,death_case
2020-01-23,0,TB Ca nhiễm 7 ngày,7_days_avg_case
2020-01-24,1,TB Ca nhiễm 7 ngày,7_days_avg_case
2020-01-25,1,TB Ca nhiễm 7 ngày,7_days_avg_case
2020-01-26,1,TB Ca nhiễm 7 ngày,7_days_avg_case
2020-01-27,1,TB Ca nhiễm 7 ngày,7_days_avg_case
2020-01-28,1,TB Ca nhiễm 7 ngày,7_days_avg_case
2020-01-29,1,TB Ca nhiễm 7 ngày,7_days_avg_case
2020-01-30,1,TB Ca nhiễm 7 ngày,7_days_avg_case
2020-01-31,1,TB Ca nhiễm 7 ngày,7_days_avg_case
2020-02-01,0,TB Ca nhiễm 7 ngày,7_days_avg_case
2020-02-02,0,TB Ca nhiễm 7 ngày,7_days_avg_case
2020-02-03,0,TB Ca nhiễm 7 ngày,7_days_avg_case
2020-02-04,0,TB Ca nhiễm 7 ngày,7_days_avg_case
2020-02-05,0,TB Ca nhiễm 7 ngày,7_days_avg_case
2020-02-06,0,TB Ca nhiễm 7 ngày,7_days_avg_case
2020-02-07,0,TB Ca nhiễm 7 ngày,7_days_avg_case
2020-02-08,0,TB Ca nhiễm 7 ngày,7_days_avg_case
2020-02-09,0,TB Ca nhiễm 7 ngày,7_days_avg_case
2020-02-10,0,TB Ca nhiễm 7 ngày,7_days_avg_case
2020-02-11,0,TB Ca nhiễm 7 ngày,7_days_avg_case
2020-02-12,0,TB Ca nhiễm 7 ngày,7_days_avg_case
2020-02-13,0,TB Ca nhiễm 7 ngày,7_days_avg_case
2020-02-14,1,TB Ca nhiễm 7 ngày,7_days_avg_case
2020-02-15,1,TB Ca nhiễm 7 ngày,7_days_avg_case
2020-02-16,1,TB Ca nhiễm 7 ngày,7_days_avg_case
2020-02-17,1,TB Ca nhiễm 7 ngày,7_days_avg_case
2020-02-18,1,TB Ca nhiễm 7 ngày,7_days_avg_case
2020-02-19,1,TB Ca nhiễm 7 ngày,7_days_avg_case
2020-03-06,0,TB Ca nhiễm 7 ngày,7_days_avg_case
2020-03-07,0,TB Ca nhiễm 7 ngày,7_days_avg_case
2020-03-08,1,TB Ca nhiễm 7 ngày,7_days_avg_case
2020-03-09,0,TB Ca nhiễm 7 ngày,7_days_avg_case
2020-03-10,0,TB Ca nhiễm 7 ngày,7_days_avg_case
2020-03-11,0,TB Ca nhiễm 7 ngày,7_days_avg_case
2020-03-12,2,TB Ca nhiễm 7 ngày,7_days_avg_case
2020-03-13,1,TB Ca nhiễm 7 ngày,7_days_avg_case
2020-03-14,2,TB Ca nhiễm 7 ngày,7_days_avg_case
2020-03-15,1,TB Ca nhiễm 7 ngày,7_days_avg_case
2020-03-16,1,TB Ca nhiễm 7 ngày,7_days_avg_case
2020-03-17,1,TB Ca nhiễm 7 ngày,7_days_avg_case
2020-03-18,2,TB Ca nhiễm 7 ngày,7_days_avg_case
2020-03-19,0,TB Ca nhiễm 7 ngày,7_days_avg_case
2020-03-20,0,TB Ca nhiễm 7 ngày,7_days_avg_case
2020-03-21,0,TB Ca nhiễm 7 ngày,7_days_avg_case
2020-03-22,0,TB Ca nhiễm 7 ngày,7_days_avg_case
2020-03-23,1,TB Ca nhiễm 7 ngày,7_days_avg_case
2020-03-24,1,TB Ca nhiễm 7 ngày,7_days_avg_case
2020-03-25,3,TB Ca nhiễm 7 ngày,7_days_avg_case
2020-03-26,3,TB Ca nhiễm 7 ngày,7_days_avg_case
2020-03-27,6,TB Ca nhiễm 7 ngày,7_days_avg_case
2020-03-28,6,TB Ca nhiễm 7 ngày,7_days_avg_case
2020-03-29,7,TB Ca nhiễm 7 ngày,7_days_avg_case
2020-03-30,8,TB Ca nhiễm 7 ngày,7_days_avg_case
2020-03-31,9,TB Ca nhiễm 7 ngày,7_days_avg_case
2020-04-01,9,TB Ca nhiễm 7 ngày,7_days_avg_case
2020-04-02,10,TB Ca nhiễm 7 ngày,7_days_avg_case
2020-04-03,9,TB Ca nhiễm 7 ngày,7_days_avg_case
2020-04-04,9,TB Ca nhiễm 7 ngày,7_days_avg_case
2020-04-05,8,TB Ca nhiễm 7 ngày,7_days_avg_case
2020-04-06,6,TB Ca nhiễm 7 ngày,7_days_avg_case
2020-04-07,5,TB Ca nhiễm 7 ngày,7_days_avg_case
2020-04-08,4,TB Ca nhiễm 7 ngày,7_days_avg_case
2020-04-09,2,TB Ca nhiễm 7 ngày,7_days_avg_case
2020-04-10,1,TB Ca nhiễm 7 ngày,7_days_avg_case
2020-04-11,1,TB Ca nhiễm 7 ngày,7_days_avg_case
2020-04-12,1,TB Ca nhiễm 7 ngày,7_days_avg_case
2020-04-13,1,TB Ca nhiễm 7 ngày,7_days_avg_case
2020-04-14,2,TB Ca nhiễm 7 ngày,7_days_avg_case
2020-04-15,2,TB Ca nhiễm 7 ngày,7_days_avg_case
2020-04-16,1,TB Ca nhiễm 7 ngày,7_days_avg_case
2020-04-17,1,TB Ca nhiễm 7 ngày,7_days_avg_case
2020-04-18,1,TB Ca nhiễm 7 ngày,7_days_avg_case
2020-04-19,2,TB Ca nhiễm 7 ngày,7_days_avg_case
2020-04-20,2,TB Ca nhiễm 7 ngày,7_days_avg_case
2020-04-21,1,TB Ca nhiễm 7 ngày,7_days_avg_case
2020-04-22,1,TB Ca nhiễm 7 ngày,7_days_avg_case
2020-04-23,1,TB Ca nhiễm 7 ngày,7_days_avg_case
2020-04-24,0,TB Ca nhiễm 7 ngày,7_days_avg_case
2020-04-25,0,TB Ca nhiễm 7 ngày,7_days_avg_case
2020-04-26,0,TB Ca nhiễm 7 ngày,7_days_avg_case
2020-04-27,0,TB Ca nhiễm 7 ngày,7_days_avg_case
2020-04-28,0,TB Ca nhiễm 7 ngày,7_days_avg_case
2020-04-29,0,TB Ca nhiễm 7 ngày,7_days_avg_case
2020-04-30,0,TB Ca nhiễm 7 ngày,7_days_avg_case
2020-05-01,0,TB Ca nhiễm 7 ngày,7_days_avg_case
2020-05-03,0,TB Ca nhiễm 7 ngày,7_days_avg_case
2020-05-04,0,TB Ca nhiễm 7 ngày,7_days_avg_case
2020-05-05,0,TB Ca nhiễm 7 ngày,7_days_avg_case
2020-05-06,0,TB Ca nhiễm 7 ngày,7_days_avg_case
2020-05-07,0,TB Ca nhiễm 7 ngày,7_days_avg_case
2020-05-08,0,TB Ca nhiễm 7 ngày,7_days_avg_case
2020-05-09,0,TB Ca nhiễm 7 ngày,7_days_avg_case
2020-05-10,0,TB Ca nhiễm 7 ngày,7_days_avg_case
2020-05-11,0,TB Ca nhiễm 7 ngày,7_days_avg_case
2020-05-12,0,TB Ca nhiễm 7 ngày,7_days_avg_case
2020-05-13,0,TB Ca nhiễm 7 ngày,7_days_avg_case
2020-05-14,0,TB Ca nhiễm 7 ngày,7_days_avg_case
2020-05-15,0,TB Ca nhiễm 7 ngày,7_days_avg_case
2020-05-16,0,TB Ca nhiễm 7 ngày,7_days_avg_case
2020-05-17,0,TB Ca nhiễm 7 ngày,7_days_avg_case
2020-05-18,0,TB Ca nhiễm 7 ngày,7_days_avg_case
2020-05-19,0,TB Ca nhiễm 7 ngày,7_days_avg_case
2020-05-20,0,TB Ca nhiễm 7 ngày,7_days_avg_case
2020-05-21,0,TB Ca nhiễm 7 ngày,7_days_avg_case
2020-05-22,0,TB Ca nhiễm 7 ngày,7_days_avg_case
2020-05-23,0,TB Ca nhiễm 7 ngày,7_days_avg_case
2020-05-24,0,TB Ca nhiễm 7 ngày,7_days_avg_case
2020-05-25,0,TB Ca nhiễm 7 ngày,7_days_avg_case
2020-05-26,1,TB Ca nhiễm 7 ngày,7_days_avg_case
2020-05-27,1,TB Ca nhiễm 7 ngày,7_days_avg_case
2020-05-28,1,TB Ca nhiễm 7 ngày,7_days_avg_case
2020-05-29,1,TB Ca nhiễm 7 ngày,7_days_avg_case
2020-05-30,1,TB Ca nhiễm 7 ngày,7_days_avg_case
2020-05-31,1,TB Ca nhiễm 7 ngày,7_days_avg_case
2020-06-01,1,TB Ca nhiễm 7 ngày,7_days_avg_case
2020-06-02,1,TB Ca nhiễm 7 ngày,7_days_avg_case
2020-06-03,0,TB Ca nhiễm 7 ngày,7_days_avg_case
2020-06-04,0,TB Ca nhiễm 7 ngày,7_days_avg_case
2020-06-05,0,TB Ca nhiễm 7 ngày,7_days_avg_case
2020-06-06,0,TB Ca nhiễm 7 ngày,7_days_avg_case
2020-06-07,0,TB Ca nhiễm 7 ngày,7_days_avg_case
2020-06-08,0,TB Ca nhiễm 7 ngày,7_days_avg_case
2020-06-09,1,TB Ca nhiễm 7 ngày,7_days_avg_case
2020-06-10,2,TB Ca nhiễm 7 ngày,7_days_avg_case
2020-06-11,2,TB Ca nhiễm 7 ngày,7_days_avg_case
2020-06-12,2,TB Ca nhiễm 7 ngày,7_days_avg_case
2020-06-13,1,TB Ca nhiễm 7 ngày,7_days_avg_case
2020-06-14,1,TB Ca nhiễm 7 ngày,7_days_avg_case
2020-06-15,1,TB Ca nhiễm 7 ngày,7_days_avg_case
2020-06-16,1,TB Ca nhiễm 7 ngày,7_days_avg_case
2020-06-17,0,TB Ca nhiễm 7 ngày,7_days_avg_case
2020-06-18,0,TB Ca nhiễm 7 ngày,7_days_avg_case
2020-06-19,0,TB Ca nhiễm 7 ngày,7_days_avg_case
2020-06-20,2,TB Ca nhiễm 7 ngày,7_days_avg_case
2020-06-21,2,TB Ca nhiễm 7 ngày,7_days_avg_case
2020-06-22,2,TB Ca nhiễm 7 ngày,7_days_avg_case
2020-06-23,2,TB Ca nhiễm 7 ngày,7_days_avg_case
2020-06-24,3,TB Ca nhiễm 7 ngày,7_days_avg_case
2020-06-25,3,TB Ca nhiễm 7 ngày,7_days_avg_case
2020-06-26,4,TB Ca nhiễm 7 ngày,7_days_avg_case
2020-06-27,1,TB Ca nhiễm 7 ngày,7_days_avg_case
2020-06-28,1,TB Ca nhiễm 7 ngày,7_days_avg_case
2020-06-29,1,TB Ca nhiễm 7 ngày,7_days_avg_case
2020-06-30,1,TB Ca nhiễm 7 ngày,7_days_avg_case
2020-07-01,1,TB Ca nhiễm 7 ngày,7_days_avg_case
2020-07-02,1,TB Ca nhiễm 7 ngày,7_days_avg_case
2020-07-03,1,TB Ca nhiễm 7 ngày,7_days_avg_case
2020-07-04,2,TB Ca nhiễm 7 ngày,7_days_avg_case
2020-07-06,0,TB Ca nhiễm 7 ngày,7_days_avg_case
2020-07-07,14,TB Ca nhiễm 7 ngày,7_days_avg_case
2020-07-08,14,TB Ca nhiễm 7 ngày,7_days_avg_case
2020-07-09,14,TB Ca nhiễm 7 ngày,7_days_avg_case
2020-07-10,14,TB Ca nhiễm 7 ngày,7_days_avg_case
2020-07-11,14,TB Ca nhiễm 7 ngày,7_days_avg_case
2020-07-12,7,TB Ca nhiễm 7 ngày,7_days_avg_case
2020-07-13,5,TB Ca nhiễm 7 ngày,7_days_avg_case
2020-07-14,0,TB Ca nhiễm 7 ngày,7_days_avg_case
2020-07-15,0,TB Ca nhiễm 7 ngày,7_days_avg_case
2020-07-16,0,TB Ca nhiễm 7 ngày,7_days_avg_case
2020-07-17,0,TB Ca nhiễm 7 ngày,7_days_avg_case
2020-07-18,0,TB Ca nhiễm 7 ngày,7_days_avg_case
2020-07-19,0,TB Ca nhiễm 7 ngày,7_days_avg_case
2020-07-20,0,TB Ca nhiễm 7 ngày,7_days_avg_case
2020-07-21,0,TB Ca nhiễm 7 ngày,7_days_avg_case
2020-07-22,2,TB Ca nhiễm 7 ngày,7_days_avg_case
2020-07-23,3,TB Ca nhiễm 7 ngày,7_days_avg_case
2020-07-24,3,TB Ca nhiễm 7 ngày,7_days_avg_case
2020-07-25,3,TB Ca nhiễm 7 ngày,7_days_avg_case
2020-07-26,3,TB Ca nhiễm 7 ngày,7_days_avg_case
2020-07-27,4,TB Ca nhiễm 7 ngày,7_days_avg_case
2020-07-28,4,TB Ca nhiễm 7 ngày,7_days_avg_case
2020-07-29,4,TB Ca nhiễm 7 ngày,7_days_avg_case
2020-07-30,5,TB Ca nhiễm 7 ngày,7_days_avg_case
2020-07-31,7,TB Ca nhiễm 7 ngày,7_days_avg_case
2020-08-01,15,TB Ca nhiễm 7 ngày,7_days_avg_case
2020-08-02,20,TB Ca nhiễm 7 ngày,7_days_avg_case
2020-08-03,25,TB Ca nhiễm 7 ngày,7_days_avg_case
2020-08-04,28,TB Ca nhiễm 7 ngày,7_days_avg_case
2020-08-05,32,TB Ca nhiễm 7 ngày,7_days_avg_case
2020-08-06,36,TB Ca nhiễm 7 ngày,7_days_avg_case
2020-08-07,38,TB Ca nhiễm 7 ngày,7_days_avg_case
2020-08-08,35,TB Ca nhiễm 7 ngày,7_days_avg_case
2020-08-09,32,TB Ca nhiễm 7 ngày,7_days_avg_case
2020-08-10,33,TB Ca nhiễm 7 ngày,7_days_avg_case
2020-08-11,29,TB Ca nhiễm 7 ngày,7_days_avg_case
2020-08-12,26,TB Ca nhiễm 7 ngày,7_days_avg_case
2020-08-13,23,TB Ca nhiễm 7 ngày,7_days_avg_case
2020-08-14,22,TB Ca nhiễm 7 ngày,7_days_avg_case
2020-08-15,20,TB Ca nhiễm 7 ngày,7_days_avg_case
2020-08-16,20,TB Ca nhiễm 7 ngày,7_days_avg_case
2020-08-17,15,TB Ca nhiễm 7 ngày,7_days_avg_case
2020-08-18,17,TB Ca nhiễm 7 ngày,7_days_avg_case
2020-08-19,16,TB Ca nhiễm 7 ngày,7_days_avg_case
2020-08-20,14,TB Ca nhiễm 7 ngày,7_days_avg_case
2020-08-21,12,TB Ca nhiễm 7 ngày,7_days_avg_case
2020-08-22,9,TB Ca nhiễm 7 ngày,7_days_avg_case
2020-08-23,8,TB Ca nhiễm 7 ngày,7_days_avg_case
2020-08-24,7,TB Ca nhiễm 7 ngày,7_days_avg_case
2020-08-25,6,TB Ca nhiễm 7 ngày,7_days_avg_case
2020-08-26,5,TB Ca nhiễm 7 ngày,7_days_avg_case
2020-08-27,5,TB Ca nhiễm 7 ngày,7_days_avg_case
2020-08-28,3,TB Ca nhiễm 7 ngày,7_days_avg_case
2020-08-29,3,TB Ca nhiễm 7 ngày,7_days_avg_case
2020-08-30,2,TB Ca nhiễm 7 ngày,7_days_avg_case
2020-08-31,2,TB Ca nhiễm 7 ngày,7_days_avg_case
2020-09-01,1,TB Ca nhiễm 7 ngày,7_days_avg_case
2020-09-02,0,TB Ca nhiễm 7 ngày,7_days_avg_case
2020-09-03,1,TB Ca nhiễm 7 ngày,7_days_avg_case
2020-09-04,0,TB Ca nhiễm 7 ngày,7_days_avg_case
2020-09-05,0,TB Ca nhiễm 7 ngày,7_days_avg_case
2020-09-06,0,TB Ca nhiễm 7 ngày,7_days_avg_case
2020-09-07,0,TB Ca nhiễm 7 ngày,7_days_avg_case
2020-09-08,0,TB Ca nhiễm 7 ngày,7_days_avg_case
2020-09-09,0,TB Ca nhiễm 7 ngày,7_days_avg_case
2020-09-10,0,TB Ca nhiễm 7 ngày,7_days_avg_case
2020-09-11,0,TB Ca nhiễm 7 ngày,7_days_avg_case
2020-09-12,0,TB Ca nhiễm 7 ngày,7_days_avg_case
2020-09-13,0,TB Ca nhiễm 7 ngày,7_days_avg_case
2020-09-14,0,TB Ca nhiễm 7 ngày,7_days_avg_case
2020-09-15,0,TB Ca nhiễm 7 ngày,7_days_avg_case
2020-09-16,0,TB Ca nhiễm 7 ngày,7_days_avg_case
2020-09-17,0,TB Ca nhiễm 7 ngày,7_days_avg_case
2020-09-18,0,TB Ca nhiễm 7 ngày,7_days_avg_case
2020-09-19,0,TB Ca nhiễm 7 ngày,7_days_avg_case
2020-09-20,0,TB Ca nhiễm 7 ngày,7_days_avg_case
2020-09-21,0,TB Ca nhiễm 7 ngày,7_days_avg_case
2020-09-22,0,TB Ca nhiễm 7 ngày,7_days_avg_case
2020-09-23,0,TB Ca nhiễm 7 ngày,7_days_avg_case
2020-09-24,0,TB Ca nhiễm 7 ngày,7_days_avg_case
2020-09-25,0,TB Ca nhiễm 7 ngày,7_days_avg_case
2020-09-26,0,TB Ca nhiễm 7 ngày,7_days_avg_case
2020-09-27,0,TB Ca nhiễm 7 ngày,7_days_avg_case
2020-09-28,0,TB Ca nhiễm 7 ngày,7_days_avg_case
2020-09-29,0,TB Ca nhiễm 7 ngày,7_days_avg_case
2020-09-30,0,TB Ca nhiễm 7 ngày,7_days_avg_case
2020-10-01,0,TB Ca nhiễm 7 ngày,7_days_avg_case
2020-10-02,0,TB Ca nhiễm 7 ngày,7_days_avg_case
2020-10-03,0,TB Ca nhiễm 7 ngày,7_days_avg_case
2020-10-04,0,TB Ca nhiễm 7 ngày,7_days_avg_case
2020-10-05,0,TB Ca nhiễm 7 ngày,7_days_avg_case
2020-10-06,0,TB Ca nhiễm 7 ngày,7_days_avg_case
2020-10-07,0,TB Ca nhiễm 7 ngày,7_days_avg_case
2020-10-08,0,TB Ca nhiễm 7 ngày,7_days_avg_case
2020-10-09,0,TB Ca nhiễm 7 ngày,7_days_avg_case
2020-10-10,0,TB Ca nhiễm 7 ngày,7_days_avg_case
2020-10-11,0,TB Ca nhiễm 7 ngày,7_days_avg_case
2020-10-12,0,TB Ca nhiễm 7 ngày,7_days_avg_case
2020-10-13,0,TB Ca nhiễm 7 ngày,7_days_avg_case
2020-10-14,0,TB Ca nhiễm 7 ngày,7_days_avg_case
2020-10-15,0,TB Ca nhiễm 7 ngày,7_days_avg_case
2020-10-16,0,TB Ca nhiễm 7 ngày,7_days_avg_case
2020-10-17,0,TB Ca nhiễm 7 ngày,7_days_avg_case
2020-10-18,0,TB Ca nhiễm 7 ngày,7_days_avg_case
2020-10-19,0,TB Ca nhiễm 7 ngày,7_days_avg_case
2020-10-20,0,TB Ca nhiễm 7 ngày,7_days_avg_case
2020-10-21,0,TB Ca nhiễm 7 ngày,7_days_avg_case
2020-10-22,0,TB Ca nhiễm 7 ngày,7_days_avg_case
2020-10-23,0,TB Ca nhiễm 7 ngày,7_days_avg_case
2020-10-24,0,TB Ca nhiễm 7 ngày,7_days_avg_case
2020-10-25,0,TB Ca nhiễm 7 ngày,7_days_avg_case
2020-10-26,0,TB Ca nhiễm 7 ngày,7_days_avg_case
2020-10-27,0,TB Ca nhiễm 7 ngày,7_days_avg_case
2020-10-28,0,TB Ca nhiễm 7 ngày,7_days_avg_case
2020-10-29,0,TB Ca nhiễm 7 ngày,7_days_avg_case
2020-10-30,0,TB Ca nhiễm 7 ngày,7_days_avg_case
2020-10-31,0,TB Ca nhiễm 7 ngày,7_days_avg_case
2020-11-01,0,TB Ca nhiễm 7 ngày,7_days_avg_case
2020-11-02,0,TB Ca nhiễm 7 ngày,7_days_avg_case
2020-11-03,0,TB Ca nhiễm 7 ngày,7_days_avg_case
2020-11-04,0,TB Ca nhiễm 7 ngày,7_days_avg_case
2020-11-05,0,TB Ca nhiễm 7 ngày,7_days_avg_case
2020-11-06,0,TB Ca nhiễm 7 ngày,7_days_avg_case
2020-11-07,0,TB Ca nhiễm 7 ngày,7_days_avg_case
2020-11-08,0,TB Ca nhiễm 7 ngày,7_days_avg_case
2020-11-09,0,TB Ca nhiễm 7 ngày,7_days_avg_case
2020-11-10,0,TB Ca nhiễm 7 ngày,7_days_avg_case
2020-11-11,0,TB Ca nhiễm 7 ngày,7_days_avg_case
2020-11-12,0,TB Ca nhiễm 7 ngày,7_days_avg_case
2020-11-13,0,TB Ca nhiễm 7 ngày,7_days_avg_case
2020-11-14,0,TB Ca nhiễm 7 ngày,7_days_avg_case
2020-11-15,0,TB Ca nhiễm 7 ngày,7_days_avg_case
2020-11-16,0,TB Ca nhiễm 7 ngày,7_days_avg_case
2020-11-17,0,TB Ca nhiễm 7 ngày,7_days_avg_case
2020-11-18,0,TB Ca nhiễm 7 ngày,7_days_avg_case
2020-11-19,0,TB Ca nhiễm 7 ngày,7_days_avg_case
2020-11-20,0,TB Ca nhiễm 7 ngày,7_days_avg_case
2020-11-21,0,TB Ca nhiễm 7 ngày,7_days_avg_case
2020-11-22,0,TB Ca nhiễm 7 ngày,7_days_avg_case
2020-11-23,0,TB Ca nhiễm 7 ngày,7_days_avg_case
2020-11-24,0,TB Ca nhiễm 7 ngày,7_days_avg_case
2020-11-25,0,TB Ca nhiễm 7 ngày,7_days_avg_case
2020-11-26,0,TB Ca nhiễm 7 ngày,7_days_avg_case
2020-11-27,0,TB Ca nhiễm 7 ngày,7_days_avg_case
2020-11-28,0,TB Ca nhiễm 7 ngày,7_days_avg_case
2020-11-29,0,TB Ca nhiễm 7 ngày,7_days_avg_case
2020-11-30,0,TB Ca nhiễm 7 ngày,7_days_avg_case
2020-12-01,0,TB Ca nhiễm 7 ngày,7_days_avg_case
2020-12-02,0,TB Ca nhiễm 7 ngày,7_days_avg_case
2020-12-03,0,TB Ca nhiễm 7 ngày,7_days_avg_case
2020-12-04,0,TB Ca nhiễm 7 ngày,7_days_avg_case
2020-12-05,0,TB Ca nhiễm 7 ngày,7_days_avg_case
2020-12-06,0,TB Ca nhiễm 7 ngày,7_days_avg_case
2020-12-07,0,TB Ca nhiễm 7 ngày,7_days_avg_case
2020-12-08,0,TB Ca nhiễm 7 ngày,7_days_avg_case
2020-12-09,0,TB Ca nhiễm 7 ngày,7_days_avg_case
2020-12-10,0,TB Ca nhiễm 7 ngày,7_days_avg_case
2020-12-11,0,TB Ca nhiễm 7 ngày,7_days_avg_case
2020-12-12,0,TB Ca nhiễm 7 ngày,7_days_avg_case
2020-12-13,0,TB Ca nhiễm 7 ngày,7_days_avg_case
2020-12-14,0,TB Ca nhiễm 7 ngày,7_days_avg_case
2020-12-15,0,TB Ca nhiễm 7 ngày,7_days_avg_case
2020-12-16,0,TB Ca nhiễm 7 ngày,7_days_avg_case
2020-12-17,0,TB Ca nhiễm 7 ngày,7_days_avg_case
2020-12-18,0,TB Ca nhiễm 7 ngày,7_days_avg_case
2020-12-19,0,TB Ca nhiễm 7 ngày,7_days_avg_case
2020-12-20,0,TB Ca nhiễm 7 ngày,7_days_avg_case
2020-12-21,0,TB Ca nhiễm 7 ngày,7_days_avg_case
2020-12-22,0,TB Ca nhiễm 7 ngày,7_days_avg_case
2020-12-23,0,TB Ca nhiễm 7 ngày,7_days_avg_case
2020-12-24,0,TB Ca nhiễm 7 ngày,7_days_avg_case
2020-12-25,0,TB Ca nhiễm 7 ngày,7_days_avg_case
2020-12-26,0,TB Ca nhiễm 7 ngày,7_days_avg_case
2020-12-27,0,TB Ca nhiễm 7 ngày,7_days_avg_case
2020-12-28,0,TB Ca nhiễm 7 ngày,7_days_avg_case
2020-12-29,0,TB Ca nhiễm 7 ngày,7_days_avg_case
2020-12-30,0,TB Ca nhiễm 7 ngày,7_days_avg_case
2020-12-31,0,TB Ca nhiễm 7 ngày,7_days_avg_case
2021-01-01,0,TB Ca nhiễm 7 ngày,7_days_avg_case
2021-01-02,0,TB Ca nhiễm 7 ngày,7_days_avg_case
2021-01-03,0,TB Ca nhiễm 7 ngày,7_days_avg_case
2021-01-04,0,TB Ca nhiễm 7 ngày,7_days_avg_case
2021-01-05,0,TB Ca nhiễm 7 ngày,7_days_avg_case
2021-01-06,0,TB Ca nhiễm 7 ngày,7_days_avg_case
2021-01-07,0,TB Ca nhiễm 7 ngày,7_days_avg_case
2021-01-08,0,TB Ca nhiễm 7 ngày,7_days_avg_case
2021-01-09,0,TB Ca nhiễm 7 ngày,7_days_avg_case
2021-01-10,0,TB Ca nhiễm 7 ngày,7_days_avg_case
2021-01-11,0,TB Ca nhiễm 7 ngày,7_days_avg_case
2021-01-12,0,TB Ca nhiễm 7 ngày,7_days_avg_case
2021-01-13,0,TB Ca nhiễm 7 ngày,7_days_avg_case
2021-01-14,0,TB Ca nhiễm 7 ngày,7_days_avg_case
2021-01-15,0,TB Ca nhiễm 7 ngày,7_days_avg_case
2021-01-16,0,TB Ca nhiễm 7 ngày,7_days_avg_case
2021-01-17,0,TB Ca nhiễm 7 ngày,7_days_avg_case
2021-01-18,0,TB Ca nhiễm 7 ngày,7_days_avg_case
2021-01-19,0,TB Ca nhiễm 7 ngày,7_days_avg_case
2021-01-20,0,TB Ca nhiễm 7 ngày,7_days_avg_case
2021-01-21,0,TB Ca nhiễm 7 ngày,7_days_avg_case
2021-01-22,0,TB Ca nhiễm 7 ngày,7_days_avg_case
2021-01-23,0,TB Ca nhiễm 7 ngày,7_days_avg_case
2021-01-24,0,TB Ca nhiễm 7 ngày,7_days_avg_case
2021-01-25,0,TB Ca nhiễm 7 ngày,7_days_avg_case
2021-01-26,0,TB Ca nhiễm 7 ngày,7_days_avg_case
2021-01-27,0,TB Ca nhiễm 7 ngày,7_days_avg_case
2021-01-28,0,TB Ca nhiễm 7 ngày,7_days_avg_case
2021-01-29,0,TB Ca nhiễm 7 ngày,7_days_avg_case
2021-01-30,24,TB Ca nhiễm 7 ngày,7_days_avg_case
2021-01-31,27,TB Ca nhiễm 7 ngày,7_days_avg_case
2021-02-01,39,TB Ca nhiễm 7 ngày,7_days_avg_case
2021-02-02,45,TB Ca nhiễm 7 ngày,7_days_avg_case
2021-02-03,48,TB Ca nhiễm 7 ngày,7_days_avg_case
2021-02-04,47,TB Ca nhiễm 7 ngày,7_days_avg_case
2021-02-05,53,TB Ca nhiễm 7 ngày,7_days_avg_case
2021-02-06,42,TB Ca nhiễm 7 ngày,7_days_avg_case
2021-02-07,37,TB Ca nhiễm 7 ngày,7_days_avg_case
2021-02-08,26,TB Ca nhiễm 7 ngày,7_days_avg_case
2021-02-09,22,TB Ca nhiễm 7 ngày,7_days_avg_case
2021-02-10,27,TB Ca nhiễm 7 ngày,7_days_avg_case
2021-02-11,25,TB Ca nhiễm 7 ngày,7_days_avg_case
2021-02-12,25,TB Ca nhiễm 7 ngày,7_days_avg_case
2021-02-13,23,TB Ca nhiễm 7 ngày,7_days_avg_case
2021-02-14,29,TB Ca nhiễm 7 ngày,7_days_avg_case
2021-02-15,31,TB Ca nhiễm 7 ngày,7_days_avg_case
2021-02-16,31,TB Ca nhiễm 7 ngày,7_days_avg_case
2021-02-17,29,TB Ca nhiễm 7 ngày,7_days_avg_case
2021-02-18,33,TB Ca nhiễm 7 ngày,7_days_avg_case
2021-02-19,26,TB Ca nhiễm 7 ngày,7_days_avg_case
2021-02-20,28,TB Ca nhiễm 7 ngày,7_days_avg_case
2021-02-21,23,TB Ca nhiễm 7 ngày,7_days_avg_case
2021-02-22,20,TB Ca nhiễm 7 ngày,7_days_avg_case
2021-02-23,20,TB Ca nhiễm 7 ngày,7_days_avg_case
2021-02-24,16,TB Ca nhiễm 7 ngày,7_days_avg_case
2021-02-25,12,TB Ca nhiễm 7 ngày,7_days_avg_case
2021-02-26,13,TB Ca nhiễm 7 ngày,7_days_avg_case
2021-02-27,11,TB Ca nhiễm 7 ngày,7_days_avg_case
2021-02-28,10,TB Ca nhiễm 7 ngày,7_days_avg_case
2021-03-01,10,TB Ca nhiễm 7 ngày,7_days_avg_case
2021-03-02,10,TB Ca nhiễm 7 ngày,7_days_avg_case
2021-03-03,10,TB Ca nhiễm 7 ngày,7_days_avg_case
2021-03-04,9,TB Ca nhiễm 7 ngày,7_days_avg_case
2021-03-05,9,TB Ca nhiễm 7 ngày,7_days_avg_case
2021-03-06,9,TB Ca nhiễm 7 ngày,7_days_avg_case
2021-03-07,10,TB Ca nhiễm 7 ngày,7_days_avg_case
2021-03-08,8,TB Ca nhiễm 7 ngày,7_days_avg_case
2021-03-09,6,TB Ca nhiễm 7 ngày,7_days_avg_case
2021-03-10,5,TB Ca nhiễm 7 ngày,7_days_avg_case
2021-03-11,4,TB Ca nhiễm 7 ngày,7_days_avg_case
2021-03-12,3,TB Ca nhiễm 7 ngày,7_days_avg_case
2021-03-13,3,TB Ca nhiễm 7 ngày,7_days_avg_case
2021-03-14,1,TB Ca nhiễm 7 ngày,7_days_avg_case
2021-03-15,1,TB Ca nhiễm 7 ngày,7_days_avg_case
2021-03-16,1,TB Ca nhiễm 7 ngày,7_days_avg_case
2021-03-17,1,TB Ca nhiễm 7 ngày,7_days_avg_case
2021-03-18,1,TB Ca nhiễm 7 ngày,7_days_avg_case
2021-03-19,2,TB Ca nhiễm 7 ngày,7_days_avg_case
2021-03-20,1,TB Ca nhiễm 7 ngày,7_days_avg_case
2021-03-21,1,TB Ca nhiễm 7 ngày,7_days_avg_case
2021-03-22,1,TB Ca nhiễm 7 ngày,7_days_avg_case
2021-03-23,1,TB Ca nhiễm 7 ngày,7_days_avg_case
2021-03-24,0,TB Ca nhiễm 7 ngày,7_days_avg_case
2021-03-25,0,TB Ca nhiễm 7 ngày,7_days_avg_case
2021-03-26,0,TB Ca nhiễm 7 ngày,7_days_avg_case
2021-03-27,0,TB Ca nhiễm 7 ngày,7_days_avg_case
2021-03-28,0,TB Ca nhiễm 7 ngày,7_days_avg_case
2021-03-29,0,TB Ca nhiễm 7 ngày,7_days_avg_case
2021-03-30,0,TB Ca nhiễm 7 ngày,7_days_avg_case
2021-03-31,0,TB Ca nhiễm 7 ngày,7_days_avg_case
2021-04-01,0,TB Ca nhiễm 7 ngày,7_days_avg_case
2021-04-02,0,TB Ca nhiễm 7 ngày,7_days_avg_case
2021-04-03,0,TB Ca nhiễm 7 ngày,7_days_avg_case
2021-04-04,0,TB Ca nhiễm 7 ngày,7_days_avg_case
2021-04-05,0,TB Ca nhiễm 7 ngày,7_days_avg_case
2021-04-06,0,TB Ca nhiễm 7 ngày,7_days_avg_case
2021-04-07,0,TB Ca nhiễm 7 ngày,7_days_avg_case
2021-04-08,0,TB Ca nhiễm 7 ngày,7_days_avg_case
2021-04-09,0,TB Ca nhiễm 7 ngày,7_days_avg_case
2021-04-10,0,TB Ca nhiễm 7 ngày,7_days_avg_case
2021-04-11,0,TB Ca nhiễm 7 ngày,7_days_avg_case
2021-04-12,0,TB Ca nhiễm 7 ngày,7_days_avg_case
2021-04-13,0,TB Ca nhiễm 7 ngày,7_days_avg_case
2021-04-14,0,TB Ca nhiễm 7 ngày,7_days_avg_case
2021-04-15,0,TB Ca nhiễm 7 ngày,7_days_avg_case
2021-04-16,0,TB Ca nhiễm 7 ngày,7_days_avg_case
2021-04-17,0,TB Ca nhiễm 7 ngày,7_days_avg_case
2021-04-18,0,TB Ca nhiễm 7 ngày,7_days_avg_case
2021-04-19,0,TB Ca nhiễm 7 ngày,7_days_avg_case
2021-04-20,0,TB Ca nhiễm 7 ngày,7_days_avg_case
2021-04-21,0,TB Ca nhiễm 7 ngày,7_days_avg_case
2021-04-22,0,TB Ca nhiễm 7 ngày,7_days_avg_case
2021-04-23,0,TB Ca nhiễm 7 ngày,7_days_avg_case
2021-04-24,0,TB Ca nhiễm 7 ngày,7_days_avg_case
2021-04-25,0,TB Ca nhiễm 7 ngày,7_days_avg_case
2021-04-26,0,TB Ca nhiễm 7 ngày,7_days_avg_case
2021-04-27,0,TB Ca nhiễm 7 ngày,7_days_avg_case
2021-04-28,0,TB Ca nhiễm 7 ngày,7_days_avg_case
2021-04-29,0,TB Ca nhiễm 7 ngày,7_days_avg_case
2021-04-30,0,TB Ca nhiễm 7 ngày,7_days_avg_case
2021-05-01,2,TB Ca nhiễm 7 ngày,7_days_avg_case
2021-05-02,2,TB Ca nhiễm 7 ngày,7_days_avg_case
2021-05-03,2,TB Ca nhiễm 7 ngày,7_days_avg_case
2021-05-04,4,TB Ca nhiễm 7 ngày,7_days_avg_case
2021-05-05,5,TB Ca nhiễm 7 ngày,7_days_avg_case
2021-05-06,5,TB Ca nhiễm 7 ngày,7_days_avg_case
2021-05-07,16,TB Ca nhiễm 7 ngày,7_days_avg_case
2021-05-08,21,TB Ca nhiễm 7 ngày,7_days_avg_case
2021-05-09,32,TB Ca nhiễm 7 ngày,7_days_avg_case
2021-05-10,44,TB Ca nhiễm 7 ngày,7_days_avg_case
2021-05-11,61,TB Ca nhiễm 7 ngày,7_days_avg_case
2021-05-12,72,TB Ca nhiễm 7 ngày,7_days_avg_case
2021-05-13,82,TB Ca nhiễm 7 ngày,7_days_avg_case
2021-05-14,84,TB Ca nhiễm 7 ngày,7_days_avg_case
2021-05-15,91,TB Ca nhiễm 7 ngày,7_days_avg_case
2021-05-16,91,TB Ca nhiễm 7 ngày,7_days_avg_case
2021-05-17,119,TB Ca nhiễm 7 ngày,7_days_avg_case
2021-05-18,118,TB Ca nhiễm 7 ngày,7_days_avg_case
2021-05-19,128,TB Ca nhiễm 7 ngày,7_days_avg_case
2021-05-20,132,TB Ca nhiễm 7 ngày,7_days_avg_case
2021-05-21,148,TB Ca nhiễm 7 ngày,7_days_avg_case
2021-05-22,151,TB Ca nhiễm 7 ngày,7_days_avg_case
2021-05-23,161,TB Ca nhiễm 7 ngày,7_days_avg_case
2021-05-24,139,TB Ca nhiễm 7 ngày,7_days_avg_case
2021-05-25,149,TB Ca nhiễm 7 ngày,7_days_avg_case
2021-05-26,190,TB Ca nhiễm 7 ngày,7_days_avg_case
2021-05-27,209,TB Ca nhiễm 7 ngày,7_days_avg_case
2021-05-28,208,TB Ca nhiễm 7 ngày,7_days_avg_case
2021-05-29,233,TB Ca nhiễm 7 ngày,7_days_avg_case
2021-05-30,252,TB Ca nhiễm 7 ngày,7_days_avg_case
2021-05-31,261,TB Ca nhiễm 7 ngày,7_days_avg_case
2021-06-01,271,TB Ca nhiễm 7 ngày,7_days_avg_case
2021-06-02,246,TB Ca nhiễm 7 ngày,7_days_avg_case
2021-06-03,241,TB Ca nhiễm 7 ngày,7_days_avg_case
2021-06-04,250,TB Ca nhiễm 7 ngày,7_days_avg_case
2021-06-05,241,TB Ca nhiễm 7 ngày,7_days_avg_case
2021-06-06,235,TB Ca nhiễm 7 ngày,7_days_avg_case
2021-06-07,236,TB Ca nhiễm 7 ngày,7_days_avg_case
2021-06-08,229,TB Ca nhiễm 7 ngày,7_days_avg_case
2021-06-09,216,TB Ca nhiễm 7 ngày,7_days_avg_case
2021-06-10,242,TB Ca nhiễm 7 ngày,7_days_avg_case
2021-06-11,236,TB Ca nhiễm 7 ngày,7_days_avg_case
2021-06-12,230,TB Ca nhiễm 7 ngày,7_days_avg_case
2021-06-13,232,TB Ca nhiễm 7 ngày,7_days_avg_case
2021-06-14,243,TB Ca nhiễm 7 ngày,7_days_avg_case
2021-06-15,251,TB Ca nhiễm 7 ngày,7_days_avg_case
2021-06-16,283,TB Ca nhiễm 7 ngày,7_days_avg_case
2021-06-17,288,TB Ca nhiễm 7 ngày,7_days_avg_case
2021-06-18,330,TB Ca nhiễm 7 ngày,7_days_avg_case
2021-06-19,341,TB Ca nhiễm 7 ngày,7_days_avg_case
2021-06-20,366,TB Ca nhiễm 7 ngày,7_days_avg_case
2021-06-21,375,TB Ca nhiễm 7 ngày,7_days_avg_case
2021-06-22,375,TB Ca nhiễm 7 ngày,7_days_avg_case
2021-06-23,342,TB Ca nhiễm 7 ngày,7_days_avg_case
2021-06-24,314,TB Ca nhiễm 7 ngày,7_days_avg_case
2021-06-25,291,TB Ca nhiễm 7 ngày,7_days_avg_case
2021-06-26,375,TB Ca nhiễm 7 ngày,7_days_avg_case
2021-06-27,326,TB Ca nhiễm 7 ngày,7_days_avg_case
2021-06-28,324,TB Ca nhiễm 7 ngày,7_days_avg_case
2021-06-29,354,TB Ca nhiễm 7 ngày,7_days_avg_case
2021-06-30,371,TB Ca nhiễm 7 ngày,7_days_avg_case
2021-07-01,415,TB Ca nhiễm 7 ngày,7_days_avg_case
2021-07-02,466,TB Ca nhiễm 7 ngày,7_days_avg_case
2021-07-03,420,TB Ca nhiễm 7 ngày,7_days_avg_case
2021-07-04,537,TB Ca nhiễm 7 ngày,7_days_avg_case
2021-07-05,611,TB Ca nhiễm 7 ngày,7_days_avg_case
2021-07-06,700,TB Ca nhiễm 7 ngày,7_days_avg_case
2021-07-07,808,TB Ca nhiễm 7 ngày,7_days_avg_case
2021-07-08,949,TB Ca nhiễm 7 ngày,7_days_avg_case
2021-07-09,963,TB Ca nhiễm 7 ngày,7_days_avg_case
2021-07-10,1118,TB Ca nhiễm 7 ngày,7_days_avg_case
2021-07-11,1254,TB Ca nhiễm 7 ngày,7_days_avg_case
2021-07-12,1409,TB Ca nhiễm 7 ngày,7_days_avg_case
2021-07-13,1590,TB Ca nhiễm 7 ngày,7_days_avg_case
2021-07-14,1769,TB Ca nhiễm 7 ngày,7_days_avg_case
2021-07-15,1871,TB Ca nhiễm 7 ngày,7_days_avg_case
2021-07-16,2342,TB Ca nhiễm 7 ngày,7_days_avg_case
2021-07-17,2349,TB Ca nhiễm 7 ngày,7_days_avg_case
2021-07-18,2941,TB Ca nhiễm 7 ngày,7_days_avg_case
2021-07-19,3422,TB Ca nhiễm 7 ngày,7_days_avg_case
2021-07-20,3682,TB Ca nhiễm 7 ngày,7_days_avg_case
2021-07-21,4037,TB Ca nhiễm 7 ngày,7_days_avg_case
2021-07-22,4733,TB Ca nhiễm 7 ngày,7_days_avg_case
2021-07-23,5080,TB Ca nhiễm 7 ngày,7_days_avg_case
2021-07-24,5597,TB Ca nhiễm 7 ngày,7_days_avg_case
2021-07-25,6058,TB Ca nhiễm 7 ngày,7_days_avg_case
2021-07-26,5957,TB Ca nhiễm 7 ngày,7_days_avg_case
2021-07-27,6903,TB Ca nhiễm 7 ngày,7_days_avg_case
2021-07-28,7348,TB Ca nhiễm 7 ngày,7_days_avg_case
2021-07-29,7272,TB Ca nhiễm 7 ngày,7_days_avg_case
2021-07-30,7425,TB Ca nhiễm 7 ngày,7_days_avg_case
2021-07-31,7904,TB Ca nhiễm 7 ngày,7_days_avg_case
2021-08-01,7815,TB Ca nhiễm 7 ngày,7_days_avg_case
2021-08-02,8387,TB Ca nhiễm 7 ngày,7_days_avg_case
2021-08-03,7907,TB Ca nhiễm 7 ngày,7_days_avg_case
2021-08-04,7977,TB Ca nhiễm 7 ngày,7_days_avg_case
2021-08-05,8138,TB Ca nhiễm 7 ngày,7_days_avg_case
2021-08-06,8087,TB Ca nhiễm 7 ngày,7_days_avg_case
2021-08-07,8044,TB Ca nhiễm 7 ngày,7_days_avg_case
2021-08-08,7863,TB Ca nhiễm 7 ngày,7_days_avg_case
2021-08-09,8018,TB Ca nhiễm 7 ngày,7_days_avg_case
2021-08-10,8290,TB Ca nhiễm 7 ngày,7_days_avg_case
2021-08-11,8293,TB Ca nhiễm 7 ngày,7_days_avg_case
2021-08-12,8449,TB Ca nhiễm 7 ngày,7_days_avg_case
2021-08-13,8794,TB Ca nhiễm 7 ngày,7_days_avg_case
2021-08-14,8913,TB Ca nhiễm 7 ngày,7_days_avg_case
2021-08-15,9249,TB Ca nhiễm 7 ngày,7_days_avg_case
2021-08-16,9233,TB Ca nhiễm 7 ngày,7_days_avg_case
2021-08-17,9137,TB Ca nhiễm 7 ngày,7_days_avg_case
2021-08-18,9313,TB Ca nhiễm 7 ngày,7_days_avg_case
2021-08-19,9316,TB Ca nhiễm 7 ngày,7_days_avg_case
2021-08-20,9443,TB Ca nhiễm 7 ngày,7_days_avg_case
2021-08-21,9663,TB Ca nhiễm 7 ngày,7_days_avg_case
2021-08-22,10198,TB Ca nhiễm 7 ngày,7_days_avg_case
2021-08-23,10427,TB Ca nhiễm 7 ngày,7_days_avg_case
2021-08-24,10667,TB Ca nhiễm 7 ngày,7_days_avg_case
2021-08-25,10874,TB Ca nhiễm 7 ngày,7_days_avg_case
2021-08-26,11350,TB Ca nhiễm 7 ngày,7_days_avg_case
2021-08-27,11504,TB Ca nhiễm 7 ngày,7_days_avg_case
2021-08-28,12470,TB Ca nhiễm 7 ngày,7_days_avg_case
2021-08-29,12287,TB Ca nhiễm 7 ngày,7_days_avg_case
2021-08-30,12498,TB Ca nhiễm 7 ngày,7_days_avg_case
2021-08-31,13078,TB Ca nhiễm 7 ngày,7_days_avg_case
2021-09-01,13304,TB Ca nhiễm 7 ngày,7_days_avg_case
2021-09-02,13218,TB Ca nhiễm 7 ngày,7_days_avg_case
2021-09-03,13454,TB Ca nhiễm 7 ngày,7_days_avg_case
2021-09-04,13100,TB Ca nhiễm 7 ngày,7_days_avg_case
2021-09-05,12732,TB Ca nhiễm 7 ngày,7_days_avg_case
2021-09-06,12810,TB Ca nhiễm 7 ngày,7_days_avg_case
2021-09-07,12572,TB Ca nhiễm 7 ngày,7_days_avg_case
2021-09-08,12805,TB Ca nhiễm 7 ngày,7_days_avg_case
2021-09-09,12978,TB Ca nhiễm 7 ngày,7_days_avg_case
2021-09-10,12863,TB Ca nhiễm 7 ngày,7_days_avg_case
2021-09-11,12645,TB Ca nhiễm 7 ngày,7_days_avg_case
2021-09-12,12989,TB Ca nhiễm 7 ngày,7_days_avg_case
2021-09-13,12835,TB Ca nhiễm 7 ngày,7_days_avg_case
2021-09-14,12620,TB Ca nhiễm 7 ngày,7_days_avg_case
2021-09-15,12083,TB Ca nhiễm 7 ngày,7_days_avg_case
2021-09-16,11780,TB Ca nhiễm 7 ngày,7_days_avg_case
2021-09-17,11506,TB Ca nhiễm 7 ngày,7_days_avg_case
2021-09-18,11231,TB Ca nhiễm 7 ngày,7_days_avg_case
2021-09-19,10856,TB Ca nhiễm 7 ngày,7_days_avg_case
2021-09-20,10564,TB Ca nhiễm 7 ngày,7_days_avg_case
2021-09-21,10202,TB Ca nhiễm 7 ngày,7_days_avg_case
2021-09-22,10372,TB Ca nhiễm 7 ngày,7_days_avg_case
2021-09-23,10509,TB Ca nhiễm 7 ngày,7_days_avg_case
2021-09-24,10359,TB Ca nhiễm 7 ngày,7_days_avg_case
2021-09-25,9933,TB Ca nhiễm 7 ngày,7_days_avg_case
2021-09-26,9978,TB Ca nhiễm 7 ngày,7_days_avg_case
2021-09-27,9971,TB Ca nhiễm 7 ngày,7_days_avg_case
2021-09-28,10072,TB Ca nhiễm 7 ngày,7_days_avg_case
2021-09-29,9548,TB Ca nhiễm 7 ngày,7_days_avg_case
2021-09-30,9145,TB Ca nhiễm 7 ngày,7_days_avg_case
2021-10-01,8962,TB Ca nhiễm 7 ngày,7_days_avg_case
2021-10-02,8749,TB Ca nhiễm 7 ngày,7_days_avg_case
2021-10-03,8164,TB Ca nhiễm 7 ngày,7_days_avg_case
2021-10-04,7755,TB Ca nhiễm 7 ngày,7_days_avg_case
2021-10-05,7488,TB Ca nhiễm 7 ngày,7_days_avg_case
2021-10-06,7138,TB Ca nhiễm 7 ngày,7_days_avg_case
2021-10-07,6632,TB Ca nhiễm 7 ngày,7_days_avg_case
2021-10-08,6064,TB Ca nhiễm 7 ngày,7_days_avg_case
2021-10-09,5795,TB Ca nhiễm 7 ngày,7_days_avg_case
2021-10-10,5693,TB Ca nhiễm 7 ngày,7_days_avg_case
2021-10-11,5411,TB Ca nhiễm 7 ngày,7_days_avg_case
2021-10-12,4950,TB Ca nhiễm 7 ngày,7_days_avg_case
2021-10-13,4612,TB Ca nhiễm 7 ngày,7_days_avg_case
2021-10-14,4469,TB Ca nhiễm 7 ngày,7_days_avg_case
2021-10-15,4578,TB Ca nhiễm 7 ngày,7_days_avg_case
2021-10-16,4549,TB Ca nhiễm 7 ngày,7_days_avg_case
2021-10-17,4425,TB Ca nhiễm 7 ngày,7_days_avg_case
2021-10-18,4222,TB Ca nhiễm 7 ngày,7_days_avg_case
2021-10-19,4165,TB Ca nhiễm 7 ngày,7_days_avg_case
2021-10-20,4245,TB Ca nhiễm 7 ngày,7_days_avg_case
2021-10-21,4220,TB Ca nhiễm 7 ngày,7_days_avg_case
2021-10-22,4148,TB Ca nhiễm 7 ngày,7_days_avg_case
2021-10-23,4075,TB Ca nhiễm 7 ngày,7_days_avg_case
2021-10-24,4107,TB Ca nhiễm 7 ngày,7_days_avg_case
2021-10-25,4232,TB Ca nhiễm 7 ngày,7_days_avg_case
2021-10-26,4247,TB Ca nhiễm 7 ngày,7_days_avg_case
2021-10-27,4307,TB Ca nhiễm 7 ngày,7_days_avg_case
2021-10-28,4504,TB Ca nhiễm 7 ngày,7_days_avg_case
2021-10-29,4642,TB Ca nhiễm 7 ngày,7_days_avg_case
2021-10-30,4854,TB Ca nhiễm 7 ngày,7_days_avg_case
2021-10-31,5044,TB Ca nhiễm 7 ngày,7_days_avg_case
2021-11-01,5283,TB Ca nhiễm 7 ngày,7_days_avg_case
2021-11-02,5590,TB Ca nhiễm 7 ngày,7_days_avg_case
2021-11-03,5805,TB Ca nhiễm 7 ngày,7_days_avg_case
2021-11-04,6088,TB Ca nhiễm 7 ngày,7_days_avg_case
2021-11-05,6257,TB Ca nhiễm 7 ngày,7_days_avg_case
2021-11-06,6491,TB Ca nhiễm 7 ngày,7_days_avg_case
2021-11-07,6765,TB Ca nhiễm 7 ngày,7_days_avg_case
2021-11-08,6951,TB Ca nhiễm 7 ngày,7_days_avg_case
2021-11-09,7206,TB Ca nhiễm 7 ngày,7_days_avg_case
2021-11-10,7547,TB Ca nhiễm 7 ngày,7_days_avg_case
2021-11-11,7620,TB Ca nhiễm 7 ngày,7_days_avg_case
2021-11-12,7834,TB Ca nhiễm 7 ngày,7_days_avg_case
2021-11-13,8034,TB Ca nhiễm 7 ngày,7_days_avg_case
2021-11-14,8172,TB Ca nhiễm 7 ngày,7_days_avg_case
2021-11-15,8248,TB Ca nhiễm 7 ngày,7_days_avg_case
2021-11-16,8340,TB Ca nhiễm 7 ngày,7_days_avg_case
2021-11-17,8729,TB Ca nhiễm 7 ngày,7_days_avg_case
2021-11-18,9020,TB Ca nhiễm 7 ngày,7_days_avg_case
2021-11-19,9435,TB Ca nhiễm 7 ngày,7_days_avg_case
2021-11-20,9531,TB Ca nhiễm 7 ngày,7_days_avg_case
2021-11-21,9814,TB Ca nhiễm 7 ngày,7_days_avg_case
2021-11-22,10188,TB Ca nhiễm 7 ngày,7_days_avg_case
2021-11-23,10430,TB Ca nhiễm 7 ngày,7_days_avg_case
2021-11-24,10396,TB Ca nhiễm 7 ngày,7_days_avg_case
2021-11-25,10729,TB Ca nhiễm 7 ngày,7_days_avg_case
2021-11-26,10926,TB Ca nhiễm 7 ngày,7_days_avg_case
2021-11-27,11419,TB Ca nhiễm 7 ngày,7_days_avg_case
2021-11-28,11696,TB Ca nhiễm 7 ngày,7_days_avg_case
2021-11-29,12001,TB Ca nhiễm 7 ngày,7_days_avg_case
2021-11-30,12495,TB Ca nhiễm 7 ngày,7_days_avg_case
2021-12-01,12974,TB Ca nhiễm 7 ngày,7_days_avg_case
2021-12-02,13291,TB Ca nhiễm 7 ngày,7_days_avg_case
2021-12-03,13470,TB Ca nhiễm 7 ngày,7_days_avg_case
2021-12-04,13668,TB Ca nhiễm 7 ngày,7_days_avg_case
2021-12-05,13899,TB Ca nhiễm 7 ngày,7_days_avg_case
2021-12-06,14099,TB Ca nhiễm 7 ngày,7_days_avg_case
